<?xml version="1.0" encoding="UTF-8"?>
<gpx xmlns:gpxdata="http://www.cluetrust.com/XML/GPXDATA/1/0" xmlns:xsi="http://www.w3.org/2001/XMLSchema-instance" xmlns="http://www.topografix.com/GPX/1/1" version="1.1" creator="http://ridewithgps.com/" xsi:schemaLocation="http://www.topografix.com/GPX/1/1 http://www.topografix.com/GPX/1/1/gpx.xsd http://www.cluetrust.com/XML/GPXDATA/1/0 http://www.cluetrust.com/Schemas/gpxdata10.xsd">
  <metadata>
    <name>Mh2d 2026 zaterdag 60km weg (V2)</name>
    <link href="https://ridewithgps.com/routes/53727674">
      <text>Mh2d 2026 zaterdag 60km weg (V2)</text>
    </link>
    <time>2026-01-14T14:28:33Z</time>
  </metadata>
  <wpt lat="50.76598084515422" lon="5.96200695963563">
    <name>Verzorgingspost Camerig</name>
    <cmt>rest_stop</cmt>
    <sym>Dot</sym>
    <type>rest_area</type>
  </wpt>
  <trk>
    <name>Mh2d 2026 zaterdag 60km weg (V2)</name>
    <trkseg>
      <trkpt lat="50.78487" lon="5.76412">
        <ele>128.2</ele>
      </trkpt>
      <trkpt lat="50.78494" lon="5.76522">
        <ele>127.9</ele>
      </trkpt>
      <trkpt lat="50.78501" lon="5.76632">
        <ele>125.8</ele>
      </trkpt>
      <trkpt lat="50.78506" lon="5.76657">
        <ele>125.0</ele>
      </trkpt>
      <trkpt lat="50.78525" lon="5.7673">
        <ele>124.6</ele>
      </trkpt>
      <trkpt lat="50.78543" lon="5.76803">
        <ele>125.4</ele>
      </trkpt>
      <trkpt lat="50.78553" lon="5.76897">
        <ele>125.8</ele>
      </trkpt>
      <trkpt lat="50.78563" lon="5.76991">
        <ele>125.0</ele>
      </trkpt>
      <trkpt lat="50.78578" lon="5.77087">
        <ele>124.3</ele>
      </trkpt>
      <trkpt lat="50.78639" lon="5.77066">
        <ele>122.5</ele>
      </trkpt>
      <trkpt lat="50.78639" lon="5.77066">
        <ele>122.5</ele>
      </trkpt>
      <trkpt lat="50.7868" lon="5.77051">
        <ele>121.1</ele>
      </trkpt>
      <trkpt lat="50.78698" lon="5.77049">
        <ele>120.5</ele>
      </trkpt>
      <trkpt lat="50.78706" lon="5.77052">
        <ele>120.2</ele>
      </trkpt>
      <trkpt lat="50.78713" lon="5.7706">
        <ele>120.1</ele>
      </trkpt>
      <trkpt lat="50.78752" lon="5.77126">
        <ele>120.0</ele>
      </trkpt>
      <trkpt lat="50.7876" lon="5.77136">
        <ele>120.0</ele>
      </trkpt>
      <trkpt lat="50.788" lon="5.77178">
        <ele>119.9</ele>
      </trkpt>
      <trkpt lat="50.7884" lon="5.7722">
        <ele>118.5</ele>
      </trkpt>
      <trkpt lat="50.78854" lon="5.7723">
        <ele>117.5</ele>
      </trkpt>
      <trkpt lat="50.78869" lon="5.77235">
        <ele>116.4</ele>
      </trkpt>
      <trkpt lat="50.78914" lon="5.7724">
        <ele>113.2</ele>
      </trkpt>
      <trkpt lat="50.78954" lon="5.77241">
        <ele>112.2</ele>
      </trkpt>
      <trkpt lat="50.78965" lon="5.77238">
        <ele>112.0</ele>
      </trkpt>
      <trkpt lat="50.78979" lon="5.77232">
        <ele>111.8</ele>
      </trkpt>
      <trkpt lat="50.79016" lon="5.77201">
        <ele>113.7</ele>
      </trkpt>
      <trkpt lat="50.79056" lon="5.7728">
        <ele>113.6</ele>
      </trkpt>
      <trkpt lat="50.79056" lon="5.7728">
        <ele>113.6</ele>
      </trkpt>
      <trkpt lat="50.79091" lon="5.77344">
        <ele>112.8</ele>
      </trkpt>
      <trkpt lat="50.79095" lon="5.77354">
        <ele>113.2</ele>
      </trkpt>
      <trkpt lat="50.791" lon="5.77382">
        <ele>113.7</ele>
      </trkpt>
      <trkpt lat="50.79101" lon="5.77448">
        <ele>113.2</ele>
      </trkpt>
      <trkpt lat="50.79108" lon="5.77457">
        <ele>113.7</ele>
      </trkpt>
      <trkpt lat="50.79119" lon="5.77462">
        <ele>114.6</ele>
      </trkpt>
      <trkpt lat="50.79149" lon="5.77453">
        <ele>117.5</ele>
      </trkpt>
      <trkpt lat="50.79196" lon="5.77448">
        <ele>121.5</ele>
      </trkpt>
      <trkpt lat="50.7925" lon="5.77439">
        <ele>125.7</ele>
      </trkpt>
      <trkpt lat="50.79287" lon="5.7744">
        <ele>127.5</ele>
      </trkpt>
      <trkpt lat="50.79313" lon="5.77445">
        <ele>128.7</ele>
      </trkpt>
      <trkpt lat="50.79313" lon="5.77445">
        <ele>128.7</ele>
      </trkpt>
      <trkpt lat="50.79339" lon="5.77455">
        <ele>129.6</ele>
      </trkpt>
      <trkpt lat="50.79358" lon="5.77468">
        <ele>129.8</ele>
      </trkpt>
      <trkpt lat="50.79416" lon="5.77528">
        <ele>130.0</ele>
      </trkpt>
      <trkpt lat="50.79477" lon="5.77583">
        <ele>132.2</ele>
      </trkpt>
      <trkpt lat="50.79523" lon="5.77616">
        <ele>133.7</ele>
      </trkpt>
      <trkpt lat="50.79532" lon="5.77616">
        <ele>133.8</ele>
      </trkpt>
      <trkpt lat="50.79549" lon="5.77607">
        <ele>133.9</ele>
      </trkpt>
      <trkpt lat="50.79557" lon="5.77675">
        <ele>134.7</ele>
      </trkpt>
      <trkpt lat="50.79558" lon="5.77704">
        <ele>134.7</ele>
      </trkpt>
      <trkpt lat="50.79556" lon="5.77749">
        <ele>134.7</ele>
      </trkpt>
      <trkpt lat="50.79546" lon="5.77818">
        <ele>135.4</ele>
      </trkpt>
      <trkpt lat="50.79541" lon="5.77825">
        <ele>135.4</ele>
      </trkpt>
      <trkpt lat="50.79531" lon="5.77863">
        <ele>135.4</ele>
      </trkpt>
      <trkpt lat="50.79517" lon="5.77903">
        <ele>135.2</ele>
      </trkpt>
      <trkpt lat="50.79494" lon="5.77954">
        <ele>134.5</ele>
      </trkpt>
      <trkpt lat="50.79459" lon="5.78014">
        <ele>133.9</ele>
      </trkpt>
      <trkpt lat="50.79422" lon="5.78067">
        <ele>133.2</ele>
      </trkpt>
      <trkpt lat="50.79384" lon="5.78116">
        <ele>130.6</ele>
      </trkpt>
      <trkpt lat="50.79345" lon="5.78165">
        <ele>127.6</ele>
      </trkpt>
      <trkpt lat="50.79345" lon="5.78165">
        <ele>127.6</ele>
      </trkpt>
      <trkpt lat="50.79327" lon="5.78188">
        <ele>126.5</ele>
      </trkpt>
      <trkpt lat="50.79308" lon="5.78216">
        <ele>125.5</ele>
      </trkpt>
      <trkpt lat="50.79271" lon="5.78283">
        <ele>123.1</ele>
      </trkpt>
      <trkpt lat="50.79258" lon="5.78297">
        <ele>122.2</ele>
      </trkpt>
      <trkpt lat="50.79207" lon="5.78334">
        <ele>121.5</ele>
      </trkpt>
      <trkpt lat="50.79191" lon="5.78348">
        <ele>122.1</ele>
      </trkpt>
      <trkpt lat="50.79174" lon="5.78368">
        <ele>123.1</ele>
      </trkpt>
      <trkpt lat="50.79109" lon="5.78455">
        <ele>127.8</ele>
      </trkpt>
      <trkpt lat="50.79104" lon="5.78462">
        <ele>128.1</ele>
      </trkpt>
      <trkpt lat="50.79104" lon="5.7847">
        <ele>128.4</ele>
      </trkpt>
      <trkpt lat="50.7914" lon="5.78586">
        <ele>128.6</ele>
      </trkpt>
      <trkpt lat="50.79147" lon="5.78614">
        <ele>128.3</ele>
      </trkpt>
      <trkpt lat="50.79157" lon="5.78681">
        <ele>127.5</ele>
      </trkpt>
      <trkpt lat="50.79157" lon="5.78681">
        <ele>127.5</ele>
      </trkpt>
      <trkpt lat="50.79166" lon="5.78758">
        <ele>127.1</ele>
      </trkpt>
      <trkpt lat="50.79174" lon="5.788">
        <ele>127.4</ele>
      </trkpt>
      <trkpt lat="50.79191" lon="5.7888">
        <ele>128.4</ele>
      </trkpt>
      <trkpt lat="50.79209" lon="5.7895">
        <ele>129.3</ele>
      </trkpt>
      <trkpt lat="50.79228" lon="5.7902">
        <ele>130.1</ele>
      </trkpt>
      <trkpt lat="50.79229" lon="5.79035">
        <ele>130.4</ele>
      </trkpt>
      <trkpt lat="50.79226" lon="5.79051">
        <ele>130.7</ele>
      </trkpt>
      <trkpt lat="50.79186" lon="5.79144">
        <ele>132.8</ele>
      </trkpt>
      <trkpt lat="50.79145" lon="5.79236">
        <ele>136.1</ele>
      </trkpt>
      <trkpt lat="50.79124" lon="5.79306">
        <ele>138.7</ele>
      </trkpt>
      <trkpt lat="50.79104" lon="5.79376">
        <ele>140.5</ele>
      </trkpt>
      <trkpt lat="50.79104" lon="5.79376">
        <ele>140.5</ele>
      </trkpt>
      <trkpt lat="50.79083" lon="5.79449">
        <ele>141.8</ele>
      </trkpt>
      <trkpt lat="50.79079" lon="5.7947">
        <ele>142.4</ele>
      </trkpt>
      <trkpt lat="50.79077" lon="5.79506">
        <ele>143.4</ele>
      </trkpt>
      <trkpt lat="50.79074" lon="5.79599">
        <ele>147.0</ele>
      </trkpt>
      <trkpt lat="50.79079" lon="5.79697">
        <ele>151.1</ele>
      </trkpt>
      <trkpt lat="50.79083" lon="5.79795">
        <ele>155.2</ele>
      </trkpt>
      <trkpt lat="50.79088" lon="5.79893">
        <ele>157.5</ele>
      </trkpt>
      <trkpt lat="50.79092" lon="5.79928">
        <ele>158.2</ele>
      </trkpt>
      <trkpt lat="50.79105" lon="5.80006">
        <ele>160.7</ele>
      </trkpt>
      <trkpt lat="50.79118" lon="5.80083">
        <ele>163.3</ele>
      </trkpt>
      <trkpt lat="50.79142" lon="5.80205">
        <ele>166.1</ele>
      </trkpt>
      <trkpt lat="50.79158" lon="5.80264">
        <ele>167.0</ele>
      </trkpt>
      <trkpt lat="50.79183" lon="5.80344">
        <ele>169.5</ele>
      </trkpt>
      <trkpt lat="50.79208" lon="5.80402">
        <ele>171.9</ele>
      </trkpt>
      <trkpt lat="50.7922" lon="5.80437">
        <ele>172.9</ele>
      </trkpt>
      <trkpt lat="50.79231" lon="5.80493">
        <ele>173.8</ele>
      </trkpt>
      <trkpt lat="50.79236" lon="5.80529">
        <ele>173.9</ele>
      </trkpt>
      <trkpt lat="50.79238" lon="5.80552">
        <ele>173.8</ele>
      </trkpt>
      <trkpt lat="50.79233" lon="5.80632">
        <ele>173.2</ele>
      </trkpt>
      <trkpt lat="50.79193" lon="5.80697">
        <ele>173.5</ele>
      </trkpt>
      <trkpt lat="50.79154" lon="5.80762">
        <ele>175.9</ele>
      </trkpt>
      <trkpt lat="50.79151" lon="5.80766">
        <ele>176.2</ele>
      </trkpt>
      <trkpt lat="50.7914" lon="5.80785">
        <ele>177.3</ele>
      </trkpt>
      <trkpt lat="50.79137" lon="5.80789">
        <ele>177.5</ele>
      </trkpt>
      <trkpt lat="50.79081" lon="5.80879">
        <ele>182.6</ele>
      </trkpt>
      <trkpt lat="50.79081" lon="5.80879">
        <ele>182.6</ele>
      </trkpt>
      <trkpt lat="50.79051" lon="5.80925">
        <ele>183.5</ele>
      </trkpt>
      <trkpt lat="50.79037" lon="5.80948">
        <ele>183.9</ele>
      </trkpt>
      <trkpt lat="50.79026" lon="5.80975">
        <ele>184.4</ele>
      </trkpt>
      <trkpt lat="50.79021" lon="5.80995">
        <ele>184.7</ele>
      </trkpt>
      <trkpt lat="50.79018" lon="5.81019">
        <ele>184.6</ele>
      </trkpt>
      <trkpt lat="50.79019" lon="5.81059">
        <ele>184.2</ele>
      </trkpt>
      <trkpt lat="50.79014" lon="5.81071">
        <ele>184.1</ele>
      </trkpt>
      <trkpt lat="50.79024" lon="5.81118">
        <ele>183.5</ele>
      </trkpt>
      <trkpt lat="50.79025" lon="5.81151">
        <ele>183.1</ele>
      </trkpt>
      <trkpt lat="50.79026" lon="5.81174">
        <ele>182.9</ele>
      </trkpt>
      <trkpt lat="50.79029" lon="5.81187">
        <ele>182.9</ele>
      </trkpt>
      <trkpt lat="50.7904" lon="5.81207">
        <ele>183.2</ele>
      </trkpt>
      <trkpt lat="50.79071" lon="5.81283">
        <ele>184.0</ele>
      </trkpt>
      <trkpt lat="50.79096" lon="5.81351">
        <ele>184.2</ele>
      </trkpt>
      <trkpt lat="50.79109" lon="5.81374">
        <ele>184.4</ele>
      </trkpt>
      <trkpt lat="50.79121" lon="5.81392">
        <ele>184.7</ele>
      </trkpt>
      <trkpt lat="50.79132" lon="5.81405">
        <ele>184.9</ele>
      </trkpt>
      <trkpt lat="50.79158" lon="5.81429">
        <ele>185.4</ele>
      </trkpt>
      <trkpt lat="50.79213" lon="5.81468">
        <ele>186.9</ele>
      </trkpt>
      <trkpt lat="50.79259" lon="5.81497">
        <ele>188.6</ele>
      </trkpt>
      <trkpt lat="50.79302" lon="5.8152">
        <ele>187.0</ele>
      </trkpt>
      <trkpt lat="50.79302" lon="5.8152">
        <ele>187.0</ele>
      </trkpt>
      <trkpt lat="50.79316" lon="5.81528">
        <ele>186.6</ele>
      </trkpt>
      <trkpt lat="50.79339" lon="5.81546">
        <ele>186.0</ele>
      </trkpt>
      <trkpt lat="50.79376" lon="5.81587">
        <ele>186.6</ele>
      </trkpt>
      <trkpt lat="50.79417" lon="5.81644">
        <ele>187.7</ele>
      </trkpt>
      <trkpt lat="50.79459" lon="5.81702">
        <ele>187.2</ele>
      </trkpt>
      <trkpt lat="50.79468" lon="5.81718">
        <ele>187.1</ele>
      </trkpt>
      <trkpt lat="50.79477" lon="5.8174">
        <ele>187.2</ele>
      </trkpt>
      <trkpt lat="50.79487" lon="5.81775">
        <ele>187.4</ele>
      </trkpt>
      <trkpt lat="50.79508" lon="5.81883">
        <ele>187.9</ele>
      </trkpt>
      <trkpt lat="50.7953" lon="5.8199">
        <ele>187.3</ele>
      </trkpt>
      <trkpt lat="50.79551" lon="5.82118">
        <ele>185.7</ele>
      </trkpt>
      <trkpt lat="50.79558" lon="5.82171">
        <ele>184.9</ele>
      </trkpt>
      <trkpt lat="50.79562" lon="5.82226">
        <ele>185.3</ele>
      </trkpt>
      <trkpt lat="50.79568" lon="5.82349">
        <ele>185.8</ele>
      </trkpt>
      <trkpt lat="50.79575" lon="5.82472">
        <ele>183.7</ele>
      </trkpt>
      <trkpt lat="50.79575" lon="5.82527">
        <ele>183.0</ele>
      </trkpt>
      <trkpt lat="50.79571" lon="5.82595">
        <ele>183.1</ele>
      </trkpt>
      <trkpt lat="50.79564" lon="5.8265">
        <ele>183.8</ele>
      </trkpt>
      <trkpt lat="50.79553" lon="5.82712">
        <ele>184.0</ele>
      </trkpt>
      <trkpt lat="50.79538" lon="5.82775">
        <ele>184.1</ele>
      </trkpt>
      <trkpt lat="50.79513" lon="5.82867">
        <ele>184.1</ele>
      </trkpt>
      <trkpt lat="50.79488" lon="5.82959">
        <ele>183.8</ele>
      </trkpt>
      <trkpt lat="50.79488" lon="5.82959">
        <ele>183.8</ele>
      </trkpt>
      <trkpt lat="50.79478" lon="5.82995">
        <ele>183.7</ele>
      </trkpt>
      <trkpt lat="50.79475" lon="5.83015">
        <ele>183.7</ele>
      </trkpt>
      <trkpt lat="50.79472" lon="5.83048">
        <ele>183.7</ele>
      </trkpt>
      <trkpt lat="50.79473" lon="5.8307">
        <ele>183.7</ele>
      </trkpt>
      <trkpt lat="50.79478" lon="5.83116">
        <ele>183.6</ele>
      </trkpt>
      <trkpt lat="50.79483" lon="5.83147">
        <ele>183.3</ele>
      </trkpt>
      <trkpt lat="50.79494" lon="5.83177">
        <ele>183.0</ele>
      </trkpt>
      <trkpt lat="50.79512" lon="5.83212">
        <ele>182.1</ele>
      </trkpt>
      <trkpt lat="50.79515" lon="5.83223">
        <ele>181.9</ele>
      </trkpt>
      <trkpt lat="50.79518" lon="5.83255">
        <ele>181.5</ele>
      </trkpt>
      <trkpt lat="50.79521" lon="5.8326">
        <ele>181.4</ele>
      </trkpt>
      <trkpt lat="50.79522" lon="5.83278">
        <ele>181.1</ele>
      </trkpt>
      <trkpt lat="50.79533" lon="5.83329">
        <ele>180.3</ele>
      </trkpt>
      <trkpt lat="50.79542" lon="5.83349">
        <ele>180.0</ele>
      </trkpt>
      <trkpt lat="50.79552" lon="5.83366">
        <ele>179.8</ele>
      </trkpt>
      <trkpt lat="50.79571" lon="5.83383">
        <ele>179.3</ele>
      </trkpt>
      <trkpt lat="50.79606" lon="5.8341">
        <ele>179.0</ele>
      </trkpt>
      <trkpt lat="50.79621" lon="5.83428">
        <ele>178.9</ele>
      </trkpt>
      <trkpt lat="50.79632" lon="5.83447">
        <ele>178.8</ele>
      </trkpt>
      <trkpt lat="50.79646" lon="5.83482">
        <ele>178.4</ele>
      </trkpt>
      <trkpt lat="50.79664" lon="5.83555">
        <ele>178.7</ele>
      </trkpt>
      <trkpt lat="50.79672" lon="5.8358">
        <ele>179.0</ele>
      </trkpt>
      <trkpt lat="50.79686" lon="5.8361">
        <ele>179.2</ele>
      </trkpt>
      <trkpt lat="50.79692" lon="5.8362">
        <ele>179.2</ele>
      </trkpt>
      <trkpt lat="50.79684" lon="5.83636">
        <ele>179.4</ele>
      </trkpt>
      <trkpt lat="50.79677" lon="5.83672">
        <ele>179.8</ele>
      </trkpt>
      <trkpt lat="50.79675" lon="5.83739">
        <ele>179.9</ele>
      </trkpt>
      <trkpt lat="50.79675" lon="5.83819">
        <ele>180.1</ele>
      </trkpt>
      <trkpt lat="50.79668" lon="5.83922">
        <ele>180.0</ele>
      </trkpt>
      <trkpt lat="50.79668" lon="5.83922">
        <ele>180.0</ele>
      </trkpt>
      <trkpt lat="50.79668" lon="5.84012">
        <ele>180.0</ele>
      </trkpt>
      <trkpt lat="50.79662" lon="5.84132">
        <ele>180.1</ele>
      </trkpt>
      <trkpt lat="50.79659" lon="5.84149">
        <ele>180.1</ele>
      </trkpt>
      <trkpt lat="50.79648" lon="5.84176">
        <ele>180.2</ele>
      </trkpt>
      <trkpt lat="50.79619" lon="5.84222">
        <ele>180.6</ele>
      </trkpt>
      <trkpt lat="50.79603" lon="5.84227">
        <ele>180.8</ele>
      </trkpt>
      <trkpt lat="50.79597" lon="5.84231">
        <ele>180.8</ele>
      </trkpt>
      <trkpt lat="50.79634" lon="5.84278">
        <ele>180.1</ele>
      </trkpt>
      <trkpt lat="50.79669" lon="5.84334">
        <ele>178.9</ele>
      </trkpt>
      <trkpt lat="50.79685" lon="5.84364">
        <ele>178.3</ele>
      </trkpt>
      <trkpt lat="50.79731" lon="5.84472">
        <ele>177.1</ele>
      </trkpt>
      <trkpt lat="50.79746" lon="5.84513">
        <ele>176.8</ele>
      </trkpt>
      <trkpt lat="50.79778" lon="5.84622">
        <ele>176.0</ele>
      </trkpt>
      <trkpt lat="50.79794" lon="5.84687">
        <ele>175.7</ele>
      </trkpt>
      <trkpt lat="50.79802" lon="5.84723">
        <ele>175.3</ele>
      </trkpt>
      <trkpt lat="50.79827" lon="5.84787">
        <ele>174.9</ele>
      </trkpt>
      <trkpt lat="50.79852" lon="5.84851">
        <ele>174.0</ele>
      </trkpt>
      <trkpt lat="50.79852" lon="5.84851">
        <ele>174.0</ele>
      </trkpt>
      <trkpt lat="50.79884" lon="5.84929">
        <ele>173.5</ele>
      </trkpt>
      <trkpt lat="50.79928" lon="5.85051">
        <ele>172.7</ele>
      </trkpt>
      <trkpt lat="50.79955" lon="5.85119">
        <ele>172.3</ele>
      </trkpt>
      <trkpt lat="50.79981" lon="5.85186">
        <ele>171.2</ele>
      </trkpt>
      <trkpt lat="50.80004" lon="5.85238">
        <ele>170.4</ele>
      </trkpt>
      <trkpt lat="50.80024" lon="5.85275">
        <ele>169.8</ele>
      </trkpt>
      <trkpt lat="50.80075" lon="5.85358">
        <ele>169.0</ele>
      </trkpt>
      <trkpt lat="50.80101" lon="5.8541">
        <ele>168.6</ele>
      </trkpt>
      <trkpt lat="50.80139" lon="5.85505">
        <ele>166.8</ele>
      </trkpt>
      <trkpt lat="50.8017" lon="5.85596">
        <ele>165.6</ele>
      </trkpt>
      <trkpt lat="50.80201" lon="5.85687">
        <ele>164.0</ele>
      </trkpt>
      <trkpt lat="50.80205" lon="5.85689">
        <ele>164.2</ele>
      </trkpt>
      <trkpt lat="50.80196" lon="5.85703">
        <ele>163.3</ele>
      </trkpt>
      <trkpt lat="50.80185" lon="5.85716">
        <ele>162.2</ele>
      </trkpt>
      <trkpt lat="50.80174" lon="5.85724">
        <ele>161.3</ele>
      </trkpt>
      <trkpt lat="50.80111" lon="5.85751">
        <ele>151.9</ele>
      </trkpt>
      <trkpt lat="50.80095" lon="5.85766">
        <ele>148.6</ele>
      </trkpt>
      <trkpt lat="50.80089" lon="5.85777">
        <ele>146.9</ele>
      </trkpt>
      <trkpt lat="50.80085" lon="5.85804">
        <ele>144.4</ele>
      </trkpt>
      <trkpt lat="50.80079" lon="5.85863">
        <ele>140.1</ele>
      </trkpt>
      <trkpt lat="50.80079" lon="5.85863">
        <ele>140.1</ele>
      </trkpt>
      <trkpt lat="50.80066" lon="5.85999">
        <ele>132.4</ele>
      </trkpt>
      <trkpt lat="50.80053" lon="5.86134">
        <ele>127.8</ele>
      </trkpt>
      <trkpt lat="50.8004" lon="5.8627">
        <ele>122.8</ele>
      </trkpt>
      <trkpt lat="50.80036" lon="5.86291">
        <ele>122.0</ele>
      </trkpt>
      <trkpt lat="50.80044" lon="5.86308">
        <ele>121.9</ele>
      </trkpt>
      <trkpt lat="50.80059" lon="5.86374">
        <ele>121.0</ele>
      </trkpt>
      <trkpt lat="50.80078" lon="5.86429">
        <ele>120.4</ele>
      </trkpt>
      <trkpt lat="50.80098" lon="5.86479">
        <ele>119.9</ele>
      </trkpt>
      <trkpt lat="50.80109" lon="5.86501">
        <ele>119.8</ele>
      </trkpt>
      <trkpt lat="50.80121" lon="5.86519">
        <ele>120.0</ele>
      </trkpt>
      <trkpt lat="50.8015" lon="5.86559">
        <ele>120.3</ele>
      </trkpt>
      <trkpt lat="50.80173" lon="5.86587">
        <ele>120.3</ele>
      </trkpt>
      <trkpt lat="50.80208" lon="5.86625">
        <ele>120.7</ele>
      </trkpt>
      <trkpt lat="50.80254" lon="5.8667">
        <ele>121.2</ele>
      </trkpt>
      <trkpt lat="50.80254" lon="5.8667">
        <ele>121.2</ele>
      </trkpt>
      <trkpt lat="50.80273" lon="5.86694">
        <ele>121.8</ele>
      </trkpt>
      <trkpt lat="50.80283" lon="5.86718">
        <ele>121.4</ele>
      </trkpt>
      <trkpt lat="50.80295" lon="5.86764">
        <ele>119.9</ele>
      </trkpt>
      <trkpt lat="50.80301" lon="5.86779">
        <ele>119.5</ele>
      </trkpt>
      <trkpt lat="50.8029" lon="5.86791">
        <ele>118.2</ele>
      </trkpt>
      <trkpt lat="50.80275" lon="5.86797">
        <ele>117.1</ele>
      </trkpt>
      <trkpt lat="50.80266" lon="5.86803">
        <ele>116.3</ele>
      </trkpt>
      <trkpt lat="50.80241" lon="5.86832">
        <ele>113.8</ele>
      </trkpt>
      <trkpt lat="50.80215" lon="5.86871">
        <ele>112.9</ele>
      </trkpt>
      <trkpt lat="50.80215" lon="5.86871">
        <ele>112.9</ele>
      </trkpt>
      <trkpt lat="50.80156" lon="5.8697">
        <ele>111.3</ele>
      </trkpt>
      <trkpt lat="50.801" lon="5.87032">
        <ele>111.3</ele>
      </trkpt>
      <trkpt lat="50.80086" lon="5.87044">
        <ele>111.5</ele>
      </trkpt>
      <trkpt lat="50.8006" lon="5.87058">
        <ele>112.5</ele>
      </trkpt>
      <trkpt lat="50.80041" lon="5.87071">
        <ele>113.3</ele>
      </trkpt>
      <trkpt lat="50.79967" lon="5.87144">
        <ele>116.9</ele>
      </trkpt>
      <trkpt lat="50.79971" lon="5.87152">
        <ele>117.0</ele>
      </trkpt>
      <trkpt lat="50.79978" lon="5.8716">
        <ele>117.1</ele>
      </trkpt>
      <trkpt lat="50.79996" lon="5.87176">
        <ele>117.4</ele>
      </trkpt>
      <trkpt lat="50.80028" lon="5.87193">
        <ele>116.7</ele>
      </trkpt>
      <trkpt lat="50.80079" lon="5.87234">
        <ele>116.4</ele>
      </trkpt>
      <trkpt lat="50.80092" lon="5.87248">
        <ele>116.5</ele>
      </trkpt>
      <trkpt lat="50.80106" lon="5.87268">
        <ele>116.7</ele>
      </trkpt>
      <trkpt lat="50.80141" lon="5.87325">
        <ele>117.2</ele>
      </trkpt>
      <trkpt lat="50.80154" lon="5.87342">
        <ele>116.9</ele>
      </trkpt>
      <trkpt lat="50.80154" lon="5.87342">
        <ele>116.9</ele>
      </trkpt>
      <trkpt lat="50.8017" lon="5.87364">
        <ele>116.2</ele>
      </trkpt>
      <trkpt lat="50.80199" lon="5.87409">
        <ele>114.6</ele>
      </trkpt>
      <trkpt lat="50.80234" lon="5.87474">
        <ele>112.3</ele>
      </trkpt>
      <trkpt lat="50.80263" lon="5.87541">
        <ele>111.1</ele>
      </trkpt>
      <trkpt lat="50.80294" lon="5.87601">
        <ele>110.6</ele>
      </trkpt>
      <trkpt lat="50.80305" lon="5.87619">
        <ele>110.4</ele>
      </trkpt>
      <trkpt lat="50.80328" lon="5.87642">
        <ele>109.9</ele>
      </trkpt>
      <trkpt lat="50.80344" lon="5.87651">
        <ele>109.6</ele>
      </trkpt>
      <trkpt lat="50.80361" lon="5.8767">
        <ele>109.4</ele>
      </trkpt>
      <trkpt lat="50.80417" lon="5.87759">
        <ele>108.1</ele>
      </trkpt>
      <trkpt lat="50.80439" lon="5.87792">
        <ele>108.0</ele>
      </trkpt>
      <trkpt lat="50.80453" lon="5.87805">
        <ele>107.6</ele>
      </trkpt>
      <trkpt lat="50.80485" lon="5.87829">
        <ele>106.6</ele>
      </trkpt>
      <trkpt lat="50.80498" lon="5.87843">
        <ele>106.3</ele>
      </trkpt>
      <trkpt lat="50.8051" lon="5.87867">
        <ele>107.2</ele>
      </trkpt>
      <trkpt lat="50.80523" lon="5.87914">
        <ele>108.8</ele>
      </trkpt>
      <trkpt lat="50.80551" lon="5.88022">
        <ele>111.3</ele>
      </trkpt>
      <trkpt lat="50.80579" lon="5.8813">
        <ele>112.5</ele>
      </trkpt>
      <trkpt lat="50.80607" lon="5.88238">
        <ele>112.4</ele>
      </trkpt>
      <trkpt lat="50.8062" lon="5.88283">
        <ele>112.7</ele>
      </trkpt>
      <trkpt lat="50.80637" lon="5.88324">
        <ele>113.2</ele>
      </trkpt>
      <trkpt lat="50.80685" lon="5.88418">
        <ele>112.5</ele>
      </trkpt>
      <trkpt lat="50.80734" lon="5.88512">
        <ele>111.4</ele>
      </trkpt>
      <trkpt lat="50.80783" lon="5.88606">
        <ele>112.2</ele>
      </trkpt>
      <trkpt lat="50.80802" lon="5.88629">
        <ele>112.4</ele>
      </trkpt>
      <trkpt lat="50.8084" lon="5.8867">
        <ele>112.5</ele>
      </trkpt>
      <trkpt lat="50.80878" lon="5.88711">
        <ele>110.1</ele>
      </trkpt>
      <trkpt lat="50.8091" lon="5.88744">
        <ele>108.3</ele>
      </trkpt>
      <trkpt lat="50.80929" lon="5.88759">
        <ele>107.7</ele>
      </trkpt>
      <trkpt lat="50.80933" lon="5.88768">
        <ele>107.9</ele>
      </trkpt>
      <trkpt lat="50.80939" lon="5.88766">
        <ele>107.5</ele>
      </trkpt>
      <trkpt lat="50.80946" lon="5.88768">
        <ele>107.2</ele>
      </trkpt>
      <trkpt lat="50.80978" lon="5.8879">
        <ele>106.5</ele>
      </trkpt>
      <trkpt lat="50.80978" lon="5.8879">
        <ele>106.5</ele>
      </trkpt>
      <trkpt lat="50.80993" lon="5.88802">
        <ele>106.2</ele>
      </trkpt>
      <trkpt lat="50.81017" lon="5.88816">
        <ele>105.0</ele>
      </trkpt>
      <trkpt lat="50.81017" lon="5.88816">
        <ele>105.0</ele>
      </trkpt>
      <trkpt lat="50.81055" lon="5.88837">
        <ele>102.5</ele>
      </trkpt>
      <trkpt lat="50.81061" lon="5.88848">
        <ele>102.4</ele>
      </trkpt>
      <trkpt lat="50.81061" lon="5.88848">
        <ele>102.4</ele>
      </trkpt>
      <trkpt lat="50.81074" lon="5.88871">
        <ele>102.1</ele>
      </trkpt>
      <trkpt lat="50.81075" lon="5.88875">
        <ele>102.1</ele>
      </trkpt>
      <trkpt lat="50.81075" lon="5.88881">
        <ele>102.4</ele>
      </trkpt>
      <trkpt lat="50.81082" lon="5.88882">
        <ele>101.9</ele>
      </trkpt>
      <trkpt lat="50.81095" lon="5.88891">
        <ele>101.6</ele>
      </trkpt>
      <trkpt lat="50.81101" lon="5.88898">
        <ele>101.6</ele>
      </trkpt>
      <trkpt lat="50.81107" lon="5.88911">
        <ele>101.7</ele>
      </trkpt>
      <trkpt lat="50.81113" lon="5.88934">
        <ele>102.2</ele>
      </trkpt>
      <trkpt lat="50.81113" lon="5.88934">
        <ele>102.2</ele>
      </trkpt>
      <trkpt lat="50.81119" lon="5.88946">
        <ele>102.2</ele>
      </trkpt>
      <trkpt lat="50.81114" lon="5.8896">
        <ele>103.0</ele>
      </trkpt>
      <trkpt lat="50.81114" lon="5.8896">
        <ele>103.0</ele>
      </trkpt>
      <trkpt lat="50.81114" lon="5.88959">
        <ele>103.0</ele>
      </trkpt>
      <trkpt lat="50.81126" lon="5.8897">
        <ele>102.5</ele>
      </trkpt>
      <trkpt lat="50.81131" lon="5.8897">
        <ele>102.2</ele>
      </trkpt>
      <trkpt lat="50.81131" lon="5.8897">
        <ele>102.2</ele>
      </trkpt>
      <trkpt lat="50.81135" lon="5.8897">
        <ele>101.9</ele>
      </trkpt>
      <trkpt lat="50.81195" lon="5.8904">
        <ele>100.3</ele>
      </trkpt>
      <trkpt lat="50.81204" lon="5.89048">
        <ele>100.1</ele>
      </trkpt>
      <trkpt lat="50.81204" lon="5.89048">
        <ele>100.1</ele>
      </trkpt>
      <trkpt lat="50.81213" lon="5.89044">
        <ele>99.6</ele>
      </trkpt>
      <trkpt lat="50.81206" lon="5.89076">
        <ele>100.9</ele>
      </trkpt>
      <trkpt lat="50.81206" lon="5.89087">
        <ele>101.2</ele>
      </trkpt>
      <trkpt lat="50.8121" lon="5.89104">
        <ele>101.7</ele>
      </trkpt>
      <trkpt lat="50.8121" lon="5.89104">
        <ele>101.7</ele>
      </trkpt>
      <trkpt lat="50.81215" lon="5.89114">
        <ele>101.7</ele>
      </trkpt>
      <trkpt lat="50.81256" lon="5.89167">
        <ele>100.7</ele>
      </trkpt>
      <trkpt lat="50.81297" lon="5.89221">
        <ele>101.1</ele>
      </trkpt>
      <trkpt lat="50.81321" lon="5.8925">
        <ele>100.9</ele>
      </trkpt>
      <trkpt lat="50.81321" lon="5.8925">
        <ele>100.9</ele>
      </trkpt>
      <trkpt lat="50.81377" lon="5.89321">
        <ele>100.0</ele>
      </trkpt>
      <trkpt lat="50.81432" lon="5.89392">
        <ele>100.2</ele>
      </trkpt>
      <trkpt lat="50.81503" lon="5.89479">
        <ele>97.4</ele>
      </trkpt>
      <trkpt lat="50.8155" lon="5.89536">
        <ele>98.4</ele>
      </trkpt>
      <trkpt lat="50.81555" lon="5.89538">
        <ele>98.2</ele>
      </trkpt>
      <trkpt lat="50.8156" lon="5.89537">
        <ele>97.8</ele>
      </trkpt>
      <trkpt lat="50.81561" lon="5.89541">
        <ele>97.9</ele>
      </trkpt>
      <trkpt lat="50.81562" lon="5.89553">
        <ele>98.5</ele>
      </trkpt>
      <trkpt lat="50.81565" lon="5.89561">
        <ele>98.7</ele>
      </trkpt>
      <trkpt lat="50.81592" lon="5.8961">
        <ele>98.4</ele>
      </trkpt>
      <trkpt lat="50.81592" lon="5.8961">
        <ele>98.4</ele>
      </trkpt>
      <trkpt lat="50.81602" lon="5.89629">
        <ele>98.4</ele>
      </trkpt>
      <trkpt lat="50.81625" lon="5.89702">
        <ele>99.7</ele>
      </trkpt>
      <trkpt lat="50.8164" lon="5.89752">
        <ele>100.3</ele>
      </trkpt>
      <trkpt lat="50.81649" lon="5.89799">
        <ele>100.9</ele>
      </trkpt>
      <trkpt lat="50.81658" lon="5.89898">
        <ele>102.8</ele>
      </trkpt>
      <trkpt lat="50.81659" lon="5.89954">
        <ele>104.6</ele>
      </trkpt>
      <trkpt lat="50.81655" lon="5.89983">
        <ele>106.2</ele>
      </trkpt>
      <trkpt lat="50.8164" lon="5.90063">
        <ele>105.4</ele>
      </trkpt>
      <trkpt lat="50.81629" lon="5.90095">
        <ele>104.6</ele>
      </trkpt>
      <trkpt lat="50.81618" lon="5.90119">
        <ele>103.9</ele>
      </trkpt>
      <trkpt lat="50.81604" lon="5.90139">
        <ele>103.7</ele>
      </trkpt>
      <trkpt lat="50.81594" lon="5.9015">
        <ele>103.6</ele>
      </trkpt>
      <trkpt lat="50.81579" lon="5.90158">
        <ele>104.6</ele>
      </trkpt>
      <trkpt lat="50.81551" lon="5.90167">
        <ele>108.8</ele>
      </trkpt>
      <trkpt lat="50.81551" lon="5.90167">
        <ele>108.8</ele>
      </trkpt>
      <trkpt lat="50.81541" lon="5.90172">
        <ele>110.1</ele>
      </trkpt>
      <trkpt lat="50.81494" lon="5.90206">
        <ele>114.5</ele>
      </trkpt>
      <trkpt lat="50.81461" lon="5.90238">
        <ele>117.0</ele>
      </trkpt>
      <trkpt lat="50.81399" lon="5.90296">
        <ele>119.2</ele>
      </trkpt>
      <trkpt lat="50.81351" lon="5.90356">
        <ele>116.2</ele>
      </trkpt>
      <trkpt lat="50.81317" lon="5.904">
        <ele>113.3</ele>
      </trkpt>
      <trkpt lat="50.81258" lon="5.90466">
        <ele>110.5</ele>
      </trkpt>
      <trkpt lat="50.8125" lon="5.90473">
        <ele>110.6</ele>
      </trkpt>
      <trkpt lat="50.81212" lon="5.90496">
        <ele>108.4</ele>
      </trkpt>
      <trkpt lat="50.81189" lon="5.90515">
        <ele>107.0</ele>
      </trkpt>
      <trkpt lat="50.8118" lon="5.90525">
        <ele>106.4</ele>
      </trkpt>
      <trkpt lat="50.8118" lon="5.90525">
        <ele>106.4</ele>
      </trkpt>
      <trkpt lat="50.81125" lon="5.90603">
        <ele>102.6</ele>
      </trkpt>
      <trkpt lat="50.81106" lon="5.90676">
        <ele>100.0</ele>
      </trkpt>
      <trkpt lat="50.8109" lon="5.90804">
        <ele>96.9</ele>
      </trkpt>
      <trkpt lat="50.81082" lon="5.90835">
        <ele>96.1</ele>
      </trkpt>
      <trkpt lat="50.81082" lon="5.90835">
        <ele>96.1</ele>
      </trkpt>
      <trkpt lat="50.81075" lon="5.90864">
        <ele>96.3</ele>
      </trkpt>
      <trkpt lat="50.81055" lon="5.90907">
        <ele>96.6</ele>
      </trkpt>
      <trkpt lat="50.81007" lon="5.90979">
        <ele>95.1</ele>
      </trkpt>
      <trkpt lat="50.80984" lon="5.91028">
        <ele>95.1</ele>
      </trkpt>
      <trkpt lat="50.80967" lon="5.91072">
        <ele>95.6</ele>
      </trkpt>
      <trkpt lat="50.80954" lon="5.91122">
        <ele>95.1</ele>
      </trkpt>
      <trkpt lat="50.8095" lon="5.91176">
        <ele>94.8</ele>
      </trkpt>
      <trkpt lat="50.80949" lon="5.91193">
        <ele>94.7</ele>
      </trkpt>
      <trkpt lat="50.80945" lon="5.91277">
        <ele>94.4</ele>
      </trkpt>
      <trkpt lat="50.80942" lon="5.91361">
        <ele>94.7</ele>
      </trkpt>
      <trkpt lat="50.80926" lon="5.91485">
        <ele>94.9</ele>
      </trkpt>
      <trkpt lat="50.80925" lon="5.91491">
        <ele>94.9</ele>
      </trkpt>
      <trkpt lat="50.80923" lon="5.91506">
        <ele>94.9</ele>
      </trkpt>
      <trkpt lat="50.80919" lon="5.91513">
        <ele>95.0</ele>
      </trkpt>
      <trkpt lat="50.8092" lon="5.91524">
        <ele>95.0</ele>
      </trkpt>
      <trkpt lat="50.80914" lon="5.91589">
        <ele>95.1</ele>
      </trkpt>
      <trkpt lat="50.80915" lon="5.91653">
        <ele>95.8</ele>
      </trkpt>
      <trkpt lat="50.80919" lon="5.91735">
        <ele>96.8</ele>
      </trkpt>
      <trkpt lat="50.80919" lon="5.91794">
        <ele>97.5</ele>
      </trkpt>
      <trkpt lat="50.80921" lon="5.91812">
        <ele>97.7</ele>
      </trkpt>
      <trkpt lat="50.80919" lon="5.91846">
        <ele>98.1</ele>
      </trkpt>
      <trkpt lat="50.80913" lon="5.91847">
        <ele>98.2</ele>
      </trkpt>
      <trkpt lat="50.80908" lon="5.91853">
        <ele>98.3</ele>
      </trkpt>
      <trkpt lat="50.80884" lon="5.91913">
        <ele>99.3</ele>
      </trkpt>
      <trkpt lat="50.80859" lon="5.91973">
        <ele>100.8</ele>
      </trkpt>
      <trkpt lat="50.80829" lon="5.92041">
        <ele>102.5</ele>
      </trkpt>
      <trkpt lat="50.80799" lon="5.92109">
        <ele>103.7</ele>
      </trkpt>
      <trkpt lat="50.8078" lon="5.92148">
        <ele>105.0</ele>
      </trkpt>
      <trkpt lat="50.8078" lon="5.92148">
        <ele>105.0</ele>
      </trkpt>
      <trkpt lat="50.80774" lon="5.92161">
        <ele>105.5</ele>
      </trkpt>
      <trkpt lat="50.8073" lon="5.92229">
        <ele>106.7</ele>
      </trkpt>
      <trkpt lat="50.80715" lon="5.92254">
        <ele>107.1</ele>
      </trkpt>
      <trkpt lat="50.80667" lon="5.92348">
        <ele>108.2</ele>
      </trkpt>
      <trkpt lat="50.80652" lon="5.92373">
        <ele>108.7</ele>
      </trkpt>
      <trkpt lat="50.80616" lon="5.92421">
        <ele>109.7</ele>
      </trkpt>
      <trkpt lat="50.8058" lon="5.92468">
        <ele>110.6</ele>
      </trkpt>
      <trkpt lat="50.80575" lon="5.92467">
        <ele>110.6</ele>
      </trkpt>
      <trkpt lat="50.80572" lon="5.92469">
        <ele>110.6</ele>
      </trkpt>
      <trkpt lat="50.80507" lon="5.92555">
        <ele>111.7</ele>
      </trkpt>
      <trkpt lat="50.80441" lon="5.92642">
        <ele>112.0</ele>
      </trkpt>
      <trkpt lat="50.80375" lon="5.92729">
        <ele>112.9</ele>
      </trkpt>
      <trkpt lat="50.8031" lon="5.92815">
        <ele>114.2</ele>
      </trkpt>
      <trkpt lat="50.80297" lon="5.9283">
        <ele>114.4</ele>
      </trkpt>
      <trkpt lat="50.80286" lon="5.92838">
        <ele>114.7</ele>
      </trkpt>
      <trkpt lat="50.80275" lon="5.92843">
        <ele>114.9</ele>
      </trkpt>
      <trkpt lat="50.8026" lon="5.92845">
        <ele>115.1</ele>
      </trkpt>
      <trkpt lat="50.80188" lon="5.92838">
        <ele>118.0</ele>
      </trkpt>
      <trkpt lat="50.80116" lon="5.92831">
        <ele>120.2</ele>
      </trkpt>
      <trkpt lat="50.80049" lon="5.92828">
        <ele>120.9</ele>
      </trkpt>
      <trkpt lat="50.80029" lon="5.92827">
        <ele>120.9</ele>
      </trkpt>
      <trkpt lat="50.80017" lon="5.92835">
        <ele>121.0</ele>
      </trkpt>
      <trkpt lat="50.79996" lon="5.92835">
        <ele>121.0</ele>
      </trkpt>
      <trkpt lat="50.79966" lon="5.92831">
        <ele>121.0</ele>
      </trkpt>
      <trkpt lat="50.79944" lon="5.92823">
        <ele>120.9</ele>
      </trkpt>
      <trkpt lat="50.79944" lon="5.92823">
        <ele>120.9</ele>
      </trkpt>
      <trkpt lat="50.79911" lon="5.92811">
        <ele>120.6</ele>
      </trkpt>
      <trkpt lat="50.79831" lon="5.92799">
        <ele>118.6</ele>
      </trkpt>
      <trkpt lat="50.7981" lon="5.92793">
        <ele>118.2</ele>
      </trkpt>
      <trkpt lat="50.79777" lon="5.92777">
        <ele>117.6</ele>
      </trkpt>
      <trkpt lat="50.79715" lon="5.92728">
        <ele>115.8</ele>
      </trkpt>
      <trkpt lat="50.79698" lon="5.92722">
        <ele>115.2</ele>
      </trkpt>
      <trkpt lat="50.79696" lon="5.92738">
        <ele>115.5</ele>
      </trkpt>
      <trkpt lat="50.79698" lon="5.92756">
        <ele>115.9</ele>
      </trkpt>
      <trkpt lat="50.79716" lon="5.92846">
        <ele>118.0</ele>
      </trkpt>
      <trkpt lat="50.79735" lon="5.92937">
        <ele>118.2</ele>
      </trkpt>
      <trkpt lat="50.79734" lon="5.92946">
        <ele>118.3</ele>
      </trkpt>
      <trkpt lat="50.79736" lon="5.92958">
        <ele>118.4</ele>
      </trkpt>
      <trkpt lat="50.7974" lon="5.92964">
        <ele>118.5</ele>
      </trkpt>
      <trkpt lat="50.79744" lon="5.92983">
        <ele>118.7</ele>
      </trkpt>
      <trkpt lat="50.79754" lon="5.93052">
        <ele>119.7</ele>
      </trkpt>
      <trkpt lat="50.79764" lon="5.93121">
        <ele>121.2</ele>
      </trkpt>
      <trkpt lat="50.79771" lon="5.93193">
        <ele>122.4</ele>
      </trkpt>
      <trkpt lat="50.79779" lon="5.93264">
        <ele>123.3</ele>
      </trkpt>
      <trkpt lat="50.79792" lon="5.93345">
        <ele>125.0</ele>
      </trkpt>
      <trkpt lat="50.79796" lon="5.93364">
        <ele>125.2</ele>
      </trkpt>
      <trkpt lat="50.79796" lon="5.93364">
        <ele>125.2</ele>
      </trkpt>
      <trkpt lat="50.79823" lon="5.93471">
        <ele>126.4</ele>
      </trkpt>
      <trkpt lat="50.79849" lon="5.93579">
        <ele>127.4</ele>
      </trkpt>
      <trkpt lat="50.79856" lon="5.93618">
        <ele>127.8</ele>
      </trkpt>
      <trkpt lat="50.79859" lon="5.93652">
        <ele>128.1</ele>
      </trkpt>
      <trkpt lat="50.79863" lon="5.93668">
        <ele>128.4</ele>
      </trkpt>
      <trkpt lat="50.79879" lon="5.93783">
        <ele>130.6</ele>
      </trkpt>
      <trkpt lat="50.79881" lon="5.93812">
        <ele>131.0</ele>
      </trkpt>
      <trkpt lat="50.79882" lon="5.93867">
        <ele>132.1</ele>
      </trkpt>
      <trkpt lat="50.79871" lon="5.93988">
        <ele>135.0</ele>
      </trkpt>
      <trkpt lat="50.79869" lon="5.94042">
        <ele>136.1</ele>
      </trkpt>
      <trkpt lat="50.79871" lon="5.94101">
        <ele>137.2</ele>
      </trkpt>
      <trkpt lat="50.79875" lon="5.94147">
        <ele>138.1</ele>
      </trkpt>
      <trkpt lat="50.79886" lon="5.94219">
        <ele>140.5</ele>
      </trkpt>
      <trkpt lat="50.79898" lon="5.94291">
        <ele>143.3</ele>
      </trkpt>
      <trkpt lat="50.799" lon="5.94319">
        <ele>144.3</ele>
      </trkpt>
      <trkpt lat="50.799" lon="5.94342">
        <ele>145.1</ele>
      </trkpt>
      <trkpt lat="50.79895" lon="5.94387">
        <ele>146.8</ele>
      </trkpt>
      <trkpt lat="50.79869" lon="5.94506">
        <ele>151.8</ele>
      </trkpt>
      <trkpt lat="50.7986" lon="5.94564">
        <ele>154.5</ele>
      </trkpt>
      <trkpt lat="50.79854" lon="5.94635">
        <ele>158.0</ele>
      </trkpt>
      <trkpt lat="50.79849" lon="5.94706">
        <ele>160.2</ele>
      </trkpt>
      <trkpt lat="50.79836" lon="5.94815">
        <ele>161.8</ele>
      </trkpt>
      <trkpt lat="50.79827" lon="5.94874">
        <ele>163.3</ele>
      </trkpt>
      <trkpt lat="50.79808" lon="5.94971">
        <ele>167.3</ele>
      </trkpt>
      <trkpt lat="50.79789" lon="5.95069">
        <ele>169.7</ele>
      </trkpt>
      <trkpt lat="50.79777" lon="5.95152">
        <ele>172.2</ele>
      </trkpt>
      <trkpt lat="50.79765" lon="5.95235">
        <ele>172.8</ele>
      </trkpt>
      <trkpt lat="50.79754" lon="5.95285">
        <ele>172.6</ele>
      </trkpt>
      <trkpt lat="50.79737" lon="5.95343">
        <ele>171.4</ele>
      </trkpt>
      <trkpt lat="50.79723" lon="5.95383">
        <ele>171.1</ele>
      </trkpt>
      <trkpt lat="50.79703" lon="5.95429">
        <ele>171.0</ele>
      </trkpt>
      <trkpt lat="50.79684" lon="5.95463">
        <ele>171.2</ele>
      </trkpt>
      <trkpt lat="50.79631" lon="5.95547">
        <ele>171.2</ele>
      </trkpt>
      <trkpt lat="50.79631" lon="5.95547">
        <ele>171.2</ele>
      </trkpt>
      <trkpt lat="50.79578" lon="5.9563">
        <ele>170.9</ele>
      </trkpt>
      <trkpt lat="50.79537" lon="5.95707">
        <ele>170.4</ele>
      </trkpt>
      <trkpt lat="50.79496" lon="5.95785">
        <ele>169.8</ele>
      </trkpt>
      <trkpt lat="50.79459" lon="5.95851">
        <ele>168.1</ele>
      </trkpt>
      <trkpt lat="50.79401" lon="5.95929">
        <ele>168.2</ele>
      </trkpt>
      <trkpt lat="50.79345" lon="5.95998">
        <ele>171.0</ele>
      </trkpt>
      <trkpt lat="50.79288" lon="5.96067">
        <ele>171.4</ele>
      </trkpt>
      <trkpt lat="50.79232" lon="5.96135">
        <ele>173.4</ele>
      </trkpt>
      <trkpt lat="50.79189" lon="5.96185">
        <ele>175.7</ele>
      </trkpt>
      <trkpt lat="50.79146" lon="5.96234">
        <ele>176.0</ele>
      </trkpt>
      <trkpt lat="50.79132" lon="5.96255">
        <ele>176.0</ele>
      </trkpt>
      <trkpt lat="50.79124" lon="5.96248">
        <ele>176.0</ele>
      </trkpt>
      <trkpt lat="50.7911" lon="5.96247">
        <ele>176.0</ele>
      </trkpt>
      <trkpt lat="50.7907" lon="5.96257">
        <ele>176.1</ele>
      </trkpt>
      <trkpt lat="50.7907" lon="5.96257">
        <ele>176.1</ele>
      </trkpt>
      <trkpt lat="50.7902" lon="5.96269">
        <ele>176.4</ele>
      </trkpt>
      <trkpt lat="50.78955" lon="5.96291">
        <ele>179.0</ele>
      </trkpt>
      <trkpt lat="50.78891" lon="5.96313">
        <ele>182.9</ele>
      </trkpt>
      <trkpt lat="50.78826" lon="5.96335">
        <ele>188.7</ele>
      </trkpt>
      <trkpt lat="50.78776" lon="5.96361">
        <ele>193.0</ele>
      </trkpt>
      <trkpt lat="50.78763" lon="5.96361">
        <ele>194.0</ele>
      </trkpt>
      <trkpt lat="50.7873" lon="5.96336">
        <ele>194.1</ele>
      </trkpt>
      <trkpt lat="50.78718" lon="5.96333">
        <ele>193.4</ele>
      </trkpt>
      <trkpt lat="50.787" lon="5.96338">
        <ele>192.7</ele>
      </trkpt>
      <trkpt lat="50.78662" lon="5.96374">
        <ele>192.4</ele>
      </trkpt>
      <trkpt lat="50.78622" lon="5.96414">
        <ele>193.9</ele>
      </trkpt>
      <trkpt lat="50.78615" lon="5.96421">
        <ele>194.2</ele>
      </trkpt>
      <trkpt lat="50.78595" lon="5.96432">
        <ele>194.9</ele>
      </trkpt>
      <trkpt lat="50.78512" lon="5.96458">
        <ele>195.6</ele>
      </trkpt>
      <trkpt lat="50.78429" lon="5.96484">
        <ele>199.0</ele>
      </trkpt>
      <trkpt lat="50.78345" lon="5.9651">
        <ele>201.0</ele>
      </trkpt>
      <trkpt lat="50.78323" lon="5.96527">
        <ele>201.2</ele>
      </trkpt>
      <trkpt lat="50.78314" lon="5.9654">
        <ele>201.3</ele>
      </trkpt>
      <trkpt lat="50.78303" lon="5.96562">
        <ele>201.6</ele>
      </trkpt>
      <trkpt lat="50.78284" lon="5.96628">
        <ele>202.3</ele>
      </trkpt>
      <trkpt lat="50.78276" lon="5.96643">
        <ele>202.6</ele>
      </trkpt>
      <trkpt lat="50.78274" lon="5.96665">
        <ele>202.8</ele>
      </trkpt>
      <trkpt lat="50.78241" lon="5.96777">
        <ele>199.2</ele>
      </trkpt>
      <trkpt lat="50.78241" lon="5.96777">
        <ele>199.2</ele>
      </trkpt>
      <trkpt lat="50.78217" lon="5.96865">
        <ele>198.0</ele>
      </trkpt>
      <trkpt lat="50.78194" lon="5.96953">
        <ele>199.7</ele>
      </trkpt>
      <trkpt lat="50.78174" lon="5.97005">
        <ele>201.4</ele>
      </trkpt>
      <trkpt lat="50.78153" lon="5.97045">
        <ele>201.4</ele>
      </trkpt>
      <trkpt lat="50.78119" lon="5.97088">
        <ele>200.3</ele>
      </trkpt>
      <trkpt lat="50.78062" lon="5.97149">
        <ele>196.7</ele>
      </trkpt>
      <trkpt lat="50.78004" lon="5.97211">
        <ele>192.1</ele>
      </trkpt>
      <trkpt lat="50.77988" lon="5.97232">
        <ele>192.1</ele>
      </trkpt>
      <trkpt lat="50.7797" lon="5.97267">
        <ele>192.5</ele>
      </trkpt>
      <trkpt lat="50.77931" lon="5.97359">
        <ele>195.4</ele>
      </trkpt>
      <trkpt lat="50.77892" lon="5.97451">
        <ele>200.5</ele>
      </trkpt>
      <trkpt lat="50.77868" lon="5.97501">
        <ele>202.9</ele>
      </trkpt>
      <trkpt lat="50.77837" lon="5.9755">
        <ele>204.2</ele>
      </trkpt>
      <trkpt lat="50.77804" lon="5.97591">
        <ele>204.9</ele>
      </trkpt>
      <trkpt lat="50.77771" lon="5.97628">
        <ele>205.2</ele>
      </trkpt>
      <trkpt lat="50.77732" lon="5.97669">
        <ele>204.9</ele>
      </trkpt>
      <trkpt lat="50.77706" lon="5.9769">
        <ele>203.6</ele>
      </trkpt>
      <trkpt lat="50.77687" lon="5.97701">
        <ele>202.9</ele>
      </trkpt>
      <trkpt lat="50.7766" lon="5.97709">
        <ele>202.2</ele>
      </trkpt>
      <trkpt lat="50.77622" lon="5.97711">
        <ele>200.7</ele>
      </trkpt>
      <trkpt lat="50.77576" lon="5.97709">
        <ele>199.3</ele>
      </trkpt>
      <trkpt lat="50.7753" lon="5.97707">
        <ele>198.3</ele>
      </trkpt>
      <trkpt lat="50.7753" lon="5.97707">
        <ele>198.3</ele>
      </trkpt>
      <trkpt lat="50.77449" lon="5.97703">
        <ele>196.5</ele>
      </trkpt>
      <trkpt lat="50.77438" lon="5.97704">
        <ele>196.2</ele>
      </trkpt>
      <trkpt lat="50.77416" lon="5.97714">
        <ele>195.3</ele>
      </trkpt>
      <trkpt lat="50.774" lon="5.9773">
        <ele>194.9</ele>
      </trkpt>
      <trkpt lat="50.77352" lon="5.97805">
        <ele>192.6</ele>
      </trkpt>
      <trkpt lat="50.77332" lon="5.97851">
        <ele>192.3</ele>
      </trkpt>
      <trkpt lat="50.77327" lon="5.97871">
        <ele>193.2</ele>
      </trkpt>
      <trkpt lat="50.77324" lon="5.9789">
        <ele>193.8</ele>
      </trkpt>
      <trkpt lat="50.77324" lon="5.97923">
        <ele>194.5</ele>
      </trkpt>
      <trkpt lat="50.77325" lon="5.9794">
        <ele>194.9</ele>
      </trkpt>
      <trkpt lat="50.77331" lon="5.97978">
        <ele>194.9</ele>
      </trkpt>
      <trkpt lat="50.77349" lon="5.98036">
        <ele>193.9</ele>
      </trkpt>
      <trkpt lat="50.77387" lon="5.98142">
        <ele>192.0</ele>
      </trkpt>
      <trkpt lat="50.7739" lon="5.98154">
        <ele>192.0</ele>
      </trkpt>
      <trkpt lat="50.77393" lon="5.98179">
        <ele>192.1</ele>
      </trkpt>
      <trkpt lat="50.7739" lon="5.98223">
        <ele>192.7</ele>
      </trkpt>
      <trkpt lat="50.77374" lon="5.9831">
        <ele>194.8</ele>
      </trkpt>
      <trkpt lat="50.77364" lon="5.98352">
        <ele>195.5</ele>
      </trkpt>
      <trkpt lat="50.77349" lon="5.98399">
        <ele>196.2</ele>
      </trkpt>
      <trkpt lat="50.77325" lon="5.9846">
        <ele>197.8</ele>
      </trkpt>
      <trkpt lat="50.77296" lon="5.98526">
        <ele>200.3</ele>
      </trkpt>
      <trkpt lat="50.77267" lon="5.98592">
        <ele>201.6</ele>
      </trkpt>
      <trkpt lat="50.77241" lon="5.98678">
        <ele>200.5</ele>
      </trkpt>
      <trkpt lat="50.77204" lon="5.98783">
        <ele>196.3</ele>
      </trkpt>
      <trkpt lat="50.77204" lon="5.98783">
        <ele>196.3</ele>
      </trkpt>
      <trkpt lat="50.77166" lon="5.98886">
        <ele>192.1</ele>
      </trkpt>
      <trkpt lat="50.77127" lon="5.98989">
        <ele>187.4</ele>
      </trkpt>
      <trkpt lat="50.77096" lon="5.9906">
        <ele>186.8</ele>
      </trkpt>
      <trkpt lat="50.77064" lon="5.99131">
        <ele>189.2</ele>
      </trkpt>
      <trkpt lat="50.7702" lon="5.99216">
        <ele>190.4</ele>
      </trkpt>
      <trkpt lat="50.76976" lon="5.99301">
        <ele>189.5</ele>
      </trkpt>
      <trkpt lat="50.76965" lon="5.99325">
        <ele>189.4</ele>
      </trkpt>
      <trkpt lat="50.7693" lon="5.99416">
        <ele>186.7</ele>
      </trkpt>
      <trkpt lat="50.76896" lon="5.99506">
        <ele>181.7</ele>
      </trkpt>
      <trkpt lat="50.76884" lon="5.99525">
        <ele>181.4</ele>
      </trkpt>
      <trkpt lat="50.76879" lon="5.9953">
        <ele>181.4</ele>
      </trkpt>
      <trkpt lat="50.76863" lon="5.99541">
        <ele>181.2</ele>
      </trkpt>
      <trkpt lat="50.76849" lon="5.99545">
        <ele>181.1</ele>
      </trkpt>
      <trkpt lat="50.76854" lon="5.99591">
        <ele>181.0</ele>
      </trkpt>
      <trkpt lat="50.76854" lon="5.99591">
        <ele>181.0</ele>
      </trkpt>
      <trkpt lat="50.7687" lon="5.99722">
        <ele>182.2</ele>
      </trkpt>
      <trkpt lat="50.76884" lon="5.99847">
        <ele>186.0</ele>
      </trkpt>
      <trkpt lat="50.76899" lon="5.99971">
        <ele>185.4</ele>
      </trkpt>
      <trkpt lat="50.76914" lon="6.00096">
        <ele>184.9</ele>
      </trkpt>
      <trkpt lat="50.76914" lon="6.00096">
        <ele>184.9</ele>
      </trkpt>
      <trkpt lat="50.76922" lon="6.00164">
        <ele>184.0</ele>
      </trkpt>
      <trkpt lat="50.76925" lon="6.00207">
        <ele>186.3</ele>
      </trkpt>
      <trkpt lat="50.76922" lon="6.00267">
        <ele>190.1</ele>
      </trkpt>
      <trkpt lat="50.76911" lon="6.00354">
        <ele>196.3</ele>
      </trkpt>
      <trkpt lat="50.76902" lon="6.0041">
        <ele>199.7</ele>
      </trkpt>
      <trkpt lat="50.76876" lon="6.00529">
        <ele>205.6</ele>
      </trkpt>
      <trkpt lat="50.7685" lon="6.00648">
        <ele>208.8</ele>
      </trkpt>
      <trkpt lat="50.76848" lon="6.00651">
        <ele>208.8</ele>
      </trkpt>
      <trkpt lat="50.76848" lon="6.00673">
        <ele>209.8</ele>
      </trkpt>
      <trkpt lat="50.76854" lon="6.00692">
        <ele>210.8</ele>
      </trkpt>
      <trkpt lat="50.76846" lon="6.00708">
        <ele>211.3</ele>
      </trkpt>
      <trkpt lat="50.76843" lon="6.00719">
        <ele>211.7</ele>
      </trkpt>
      <trkpt lat="50.76827" lon="6.00749">
        <ele>213.0</ele>
      </trkpt>
      <trkpt lat="50.76819" lon="6.00777">
        <ele>214.8</ele>
      </trkpt>
      <trkpt lat="50.76803" lon="6.00859">
        <ele>218.9</ele>
      </trkpt>
      <trkpt lat="50.76801" lon="6.00877">
        <ele>219.3</ele>
      </trkpt>
      <trkpt lat="50.76803" lon="6.00886">
        <ele>219.5</ele>
      </trkpt>
      <trkpt lat="50.76798" lon="6.00933">
        <ele>220.7</ele>
      </trkpt>
      <trkpt lat="50.76798" lon="6.00933">
        <ele>220.7</ele>
      </trkpt>
      <trkpt lat="50.76796" lon="6.01005">
        <ele>222.6</ele>
      </trkpt>
      <trkpt lat="50.76793" lon="6.0101">
        <ele>222.7</ele>
      </trkpt>
      <trkpt lat="50.7679" lon="6.0103">
        <ele>222.6</ele>
      </trkpt>
      <trkpt lat="50.76784" lon="6.01054">
        <ele>222.5</ele>
      </trkpt>
      <trkpt lat="50.76775" lon="6.01076">
        <ele>222.6</ele>
      </trkpt>
      <trkpt lat="50.76759" lon="6.01099">
        <ele>222.9</ele>
      </trkpt>
      <trkpt lat="50.76749" lon="6.01109">
        <ele>223.1</ele>
      </trkpt>
      <trkpt lat="50.76735" lon="6.01117">
        <ele>223.1</ele>
      </trkpt>
      <trkpt lat="50.76719" lon="6.01121">
        <ele>223.3</ele>
      </trkpt>
      <trkpt lat="50.76694" lon="6.01122">
        <ele>223.9</ele>
      </trkpt>
      <trkpt lat="50.76691" lon="6.01125">
        <ele>223.9</ele>
      </trkpt>
      <trkpt lat="50.76659" lon="6.01126">
        <ele>224.7</ele>
      </trkpt>
      <trkpt lat="50.76632" lon="6.01134">
        <ele>225.7</ele>
      </trkpt>
      <trkpt lat="50.76609" lon="6.01145">
        <ele>226.6</ele>
      </trkpt>
      <trkpt lat="50.76583" lon="6.01166">
        <ele>228.0</ele>
      </trkpt>
      <trkpt lat="50.76571" lon="6.01179">
        <ele>229.6</ele>
      </trkpt>
      <trkpt lat="50.76553" lon="6.01202">
        <ele>232.2</ele>
      </trkpt>
      <trkpt lat="50.76534" lon="6.01233">
        <ele>235.1</ele>
      </trkpt>
      <trkpt lat="50.76516" lon="6.01278">
        <ele>238.5</ele>
      </trkpt>
      <trkpt lat="50.76505" lon="6.0132">
        <ele>241.0</ele>
      </trkpt>
      <trkpt lat="50.765" lon="6.01353">
        <ele>242.2</ele>
      </trkpt>
      <trkpt lat="50.76496" lon="6.01398">
        <ele>243.5</ele>
      </trkpt>
      <trkpt lat="50.76498" lon="6.01453">
        <ele>244.3</ele>
      </trkpt>
      <trkpt lat="50.765" lon="6.01461">
        <ele>244.1</ele>
      </trkpt>
      <trkpt lat="50.76506" lon="6.01469">
        <ele>243.8</ele>
      </trkpt>
      <trkpt lat="50.76503" lon="6.01493">
        <ele>244.6</ele>
      </trkpt>
      <trkpt lat="50.76519" lon="6.01579">
        <ele>245.8</ele>
      </trkpt>
      <trkpt lat="50.76535" lon="6.01666">
        <ele>247.4</ele>
      </trkpt>
      <trkpt lat="50.76535" lon="6.01689">
        <ele>247.2</ele>
      </trkpt>
      <trkpt lat="50.76533" lon="6.01711">
        <ele>247.2</ele>
      </trkpt>
      <trkpt lat="50.76525" lon="6.01733">
        <ele>247.8</ele>
      </trkpt>
      <trkpt lat="50.76513" lon="6.01753">
        <ele>248.7</ele>
      </trkpt>
      <trkpt lat="50.76492" lon="6.01768">
        <ele>250.5</ele>
      </trkpt>
      <trkpt lat="50.76477" lon="6.01771">
        <ele>252.6</ele>
      </trkpt>
      <trkpt lat="50.76461" lon="6.01767">
        <ele>255.0</ele>
      </trkpt>
      <trkpt lat="50.76447" lon="6.01759">
        <ele>257.3</ele>
      </trkpt>
      <trkpt lat="50.76447" lon="6.01759">
        <ele>257.3</ele>
      </trkpt>
      <trkpt lat="50.76405" lon="6.01734">
        <ele>265.9</ele>
      </trkpt>
      <trkpt lat="50.76398" lon="6.01727">
        <ele>268.1</ele>
      </trkpt>
      <trkpt lat="50.76391" lon="6.01714">
        <ele>270.4</ele>
      </trkpt>
      <trkpt lat="50.76387" lon="6.01702">
        <ele>271.9</ele>
      </trkpt>
      <trkpt lat="50.76387" lon="6.01687">
        <ele>272.3</ele>
      </trkpt>
      <trkpt lat="50.76388" lon="6.01674">
        <ele>272.4</ele>
      </trkpt>
      <trkpt lat="50.76395" lon="6.01641">
        <ele>270.4</ele>
      </trkpt>
      <trkpt lat="50.76397" lon="6.01613">
        <ele>269.5</ele>
      </trkpt>
      <trkpt lat="50.76394" lon="6.01578">
        <ele>269.9</ele>
      </trkpt>
      <trkpt lat="50.76384" lon="6.01543">
        <ele>272.1</ele>
      </trkpt>
      <trkpt lat="50.7637" lon="6.01512">
        <ele>275.5</ele>
      </trkpt>
      <trkpt lat="50.76359" lon="6.01497">
        <ele>277.8</ele>
      </trkpt>
      <trkpt lat="50.76341" lon="6.01483">
        <ele>280.5</ele>
      </trkpt>
      <trkpt lat="50.76325" lon="6.01477">
        <ele>282.2</ele>
      </trkpt>
      <trkpt lat="50.76314" lon="6.01476">
        <ele>283.0</ele>
      </trkpt>
      <trkpt lat="50.76226" lon="6.0149">
        <ele>294.5</ele>
      </trkpt>
      <trkpt lat="50.76213" lon="6.0149">
        <ele>296.3</ele>
      </trkpt>
      <trkpt lat="50.76197" lon="6.01485">
        <ele>297.6</ele>
      </trkpt>
      <trkpt lat="50.76179" lon="6.01474">
        <ele>298.3</ele>
      </trkpt>
      <trkpt lat="50.7617" lon="6.01464">
        <ele>297.9</ele>
      </trkpt>
      <trkpt lat="50.76145" lon="6.01431">
        <ele>295.8</ele>
      </trkpt>
      <trkpt lat="50.76131" lon="6.01421">
        <ele>295.9</ele>
      </trkpt>
      <trkpt lat="50.76108" lon="6.01412">
        <ele>297.4</ele>
      </trkpt>
      <trkpt lat="50.76093" lon="6.01409">
        <ele>298.8</ele>
      </trkpt>
      <trkpt lat="50.76079" lon="6.0141">
        <ele>300.4</ele>
      </trkpt>
      <trkpt lat="50.76016" lon="6.01428">
        <ele>306.6</ele>
      </trkpt>
      <trkpt lat="50.75987" lon="6.01429">
        <ele>308.4</ele>
      </trkpt>
      <trkpt lat="50.75966" lon="6.01425">
        <ele>309.1</ele>
      </trkpt>
      <trkpt lat="50.75963" lon="6.01427">
        <ele>309.5</ele>
      </trkpt>
      <trkpt lat="50.75959" lon="6.01433">
        <ele>310.4</ele>
      </trkpt>
      <trkpt lat="50.75958" lon="6.01444">
        <ele>311.8</ele>
      </trkpt>
      <trkpt lat="50.75961" lon="6.01453">
        <ele>312.7</ele>
      </trkpt>
      <trkpt lat="50.75997" lon="6.0147">
        <ele>313.2</ele>
      </trkpt>
      <trkpt lat="50.76018" lon="6.01485">
        <ele>314.1</ele>
      </trkpt>
      <trkpt lat="50.76082" lon="6.0154">
        <ele>314.5</ele>
      </trkpt>
      <trkpt lat="50.76123" lon="6.01566">
        <ele>311.8</ele>
      </trkpt>
      <trkpt lat="50.76138" lon="6.01581">
        <ele>311.3</ele>
      </trkpt>
      <trkpt lat="50.76148" lon="6.01596">
        <ele>311.3</ele>
      </trkpt>
      <trkpt lat="50.76158" lon="6.01623">
        <ele>312.0</ele>
      </trkpt>
      <trkpt lat="50.76163" lon="6.01652">
        <ele>313.4</ele>
      </trkpt>
      <trkpt lat="50.76164" lon="6.01661">
        <ele>313.8</ele>
      </trkpt>
      <trkpt lat="50.76161" lon="6.01675">
        <ele>314.4</ele>
      </trkpt>
      <trkpt lat="50.76158" lon="6.01684">
        <ele>314.7</ele>
      </trkpt>
      <trkpt lat="50.76153" lon="6.01693">
        <ele>315.1</ele>
      </trkpt>
      <trkpt lat="50.76141" lon="6.01703">
        <ele>315.8</ele>
      </trkpt>
      <trkpt lat="50.76105" lon="6.01721">
        <ele>317.9</ele>
      </trkpt>
      <trkpt lat="50.76026" lon="6.01758">
        <ele>318.2</ele>
      </trkpt>
      <trkpt lat="50.75947" lon="6.01795">
        <ele>315.0</ele>
      </trkpt>
      <trkpt lat="50.75928" lon="6.018">
        <ele>314.2</ele>
      </trkpt>
      <trkpt lat="50.75922" lon="6.018">
        <ele>314.0</ele>
      </trkpt>
      <trkpt lat="50.75872" lon="6.0179">
        <ele>317.0</ele>
      </trkpt>
      <trkpt lat="50.75859" lon="6.01789">
        <ele>317.8</ele>
      </trkpt>
      <trkpt lat="50.75843" lon="6.01795">
        <ele>318.9</ele>
      </trkpt>
      <trkpt lat="50.75798" lon="6.01822">
        <ele>320.7</ele>
      </trkpt>
      <trkpt lat="50.75798" lon="6.01822">
        <ele>320.7</ele>
      </trkpt>
      <trkpt lat="50.75744" lon="6.01854">
        <ele>322.5</ele>
      </trkpt>
      <trkpt lat="50.7569" lon="6.01886">
        <ele>323.3</ele>
      </trkpt>
      <trkpt lat="50.75657" lon="6.01893">
        <ele>323.5</ele>
      </trkpt>
      <trkpt lat="50.75599" lon="6.01927">
        <ele>324.2</ele>
      </trkpt>
      <trkpt lat="50.75582" lon="6.0194">
        <ele>324.3</ele>
      </trkpt>
      <trkpt lat="50.75577" lon="6.01948">
        <ele>324.4</ele>
      </trkpt>
      <trkpt lat="50.75573" lon="6.01961">
        <ele>324.6</ele>
      </trkpt>
      <trkpt lat="50.75572" lon="6.01971">
        <ele>324.7</ele>
      </trkpt>
      <trkpt lat="50.75574" lon="6.01989">
        <ele>324.8</ele>
      </trkpt>
      <trkpt lat="50.75578" lon="6.02">
        <ele>324.9</ele>
      </trkpt>
      <trkpt lat="50.75584" lon="6.02007">
        <ele>325.1</ele>
      </trkpt>
      <trkpt lat="50.7553" lon="6.02043">
        <ele>325.5</ele>
      </trkpt>
      <trkpt lat="50.7553" lon="6.02043">
        <ele>325.5</ele>
      </trkpt>
      <trkpt lat="50.7553" lon="6.02043">
        <ele>325.5</ele>
      </trkpt>
      <trkpt lat="50.75511" lon="6.02055">
        <ele>325.9</ele>
      </trkpt>
      <trkpt lat="50.75485" lon="6.02074">
        <ele>327.2</ele>
      </trkpt>
      <trkpt lat="50.75477" lon="6.02082">
        <ele>327.8</ele>
      </trkpt>
      <trkpt lat="50.75434" lon="6.02094">
        <ele>329.8</ele>
      </trkpt>
      <trkpt lat="50.75413" lon="6.02103">
        <ele>330.4</ele>
      </trkpt>
      <trkpt lat="50.7536" lon="6.02127">
        <ele>327.2</ele>
      </trkpt>
      <trkpt lat="50.75352" lon="6.02125">
        <ele>326.5</ele>
      </trkpt>
      <trkpt lat="50.75349" lon="6.0212">
        <ele>325.9</ele>
      </trkpt>
      <trkpt lat="50.75348" lon="6.0211">
        <ele>325.2</ele>
      </trkpt>
      <trkpt lat="50.75348" lon="6.02101">
        <ele>324.6</ele>
      </trkpt>
      <trkpt lat="50.75353" lon="6.02081">
        <ele>323.7</ele>
      </trkpt>
      <trkpt lat="50.75374" lon="6.02015">
        <ele>322.2</ele>
      </trkpt>
      <trkpt lat="50.75395" lon="6.01949">
        <ele>320.9</ele>
      </trkpt>
      <trkpt lat="50.75399" lon="6.0192">
        <ele>319.8</ele>
      </trkpt>
      <trkpt lat="50.75398" lon="6.01839">
        <ele>314.9</ele>
      </trkpt>
      <trkpt lat="50.75398" lon="6.01839">
        <ele>314.9</ele>
      </trkpt>
      <trkpt lat="50.75397" lon="6.01749">
        <ele>312.5</ele>
      </trkpt>
      <trkpt lat="50.75393" lon="6.01742">
        <ele>311.4</ele>
      </trkpt>
      <trkpt lat="50.75389" lon="6.01739">
        <ele>310.5</ele>
      </trkpt>
      <trkpt lat="50.75385" lon="6.01741">
        <ele>309.6</ele>
      </trkpt>
      <trkpt lat="50.75382" lon="6.01746">
        <ele>309.0</ele>
      </trkpt>
      <trkpt lat="50.75376" lon="6.01793">
        <ele>308.5</ele>
      </trkpt>
      <trkpt lat="50.75372" lon="6.01812">
        <ele>307.9</ele>
      </trkpt>
      <trkpt lat="50.75365" lon="6.0183">
        <ele>306.5</ele>
      </trkpt>
      <trkpt lat="50.75329" lon="6.0189">
        <ele>303.6</ele>
      </trkpt>
      <trkpt lat="50.75293" lon="6.01951">
        <ele>304.7</ele>
      </trkpt>
      <trkpt lat="50.75277" lon="6.01971">
        <ele>305.2</ele>
      </trkpt>
      <trkpt lat="50.75263" lon="6.01979">
        <ele>304.4</ele>
      </trkpt>
      <trkpt lat="50.75247" lon="6.0198">
        <ele>302.8</ele>
      </trkpt>
      <trkpt lat="50.75235" lon="6.01977">
        <ele>301.9</ele>
      </trkpt>
      <trkpt lat="50.75156" lon="6.01909">
        <ele>290.6</ele>
      </trkpt>
      <trkpt lat="50.75153" lon="6.01898">
        <ele>289.3</ele>
      </trkpt>
      <trkpt lat="50.75154" lon="6.01892">
        <ele>288.4</ele>
      </trkpt>
      <trkpt lat="50.75158" lon="6.01883">
        <ele>287.0</ele>
      </trkpt>
      <trkpt lat="50.75166" lon="6.01883">
        <ele>286.6</ele>
      </trkpt>
      <trkpt lat="50.75187" lon="6.01899">
        <ele>289.1</ele>
      </trkpt>
      <trkpt lat="50.75203" lon="6.01903">
        <ele>289.9</ele>
      </trkpt>
      <trkpt lat="50.75215" lon="6.01896">
        <ele>289.1</ele>
      </trkpt>
      <trkpt lat="50.75265" lon="6.01837">
        <ele>284.0</ele>
      </trkpt>
      <trkpt lat="50.75275" lon="6.01817">
        <ele>285.2</ele>
      </trkpt>
      <trkpt lat="50.75276" lon="6.01807">
        <ele>285.2</ele>
      </trkpt>
      <trkpt lat="50.75276" lon="6.01793">
        <ele>284.8</ele>
      </trkpt>
      <trkpt lat="50.75273" lon="6.01777">
        <ele>283.6</ele>
      </trkpt>
      <trkpt lat="50.75269" lon="6.01766">
        <ele>282.3</ele>
      </trkpt>
      <trkpt lat="50.75228" lon="6.01689">
        <ele>271.3</ele>
      </trkpt>
      <trkpt lat="50.75228" lon="6.01689">
        <ele>271.3</ele>
      </trkpt>
      <trkpt lat="50.75186" lon="6.01595">
        <ele>264.6</ele>
      </trkpt>
      <trkpt lat="50.75144" lon="6.015">
        <ele>259.8</ele>
      </trkpt>
      <trkpt lat="50.75102" lon="6.01406">
        <ele>253.6</ele>
      </trkpt>
      <trkpt lat="50.75092" lon="6.01374">
        <ele>252.3</ele>
      </trkpt>
      <trkpt lat="50.75079" lon="6.01274">
        <ele>247.4</ele>
      </trkpt>
      <trkpt lat="50.75065" lon="6.01175">
        <ele>242.1</ele>
      </trkpt>
      <trkpt lat="50.75052" lon="6.01076">
        <ele>239.4</ele>
      </trkpt>
      <trkpt lat="50.75052" lon="6.01051">
        <ele>238.7</ele>
      </trkpt>
      <trkpt lat="50.75058" lon="6.01007">
        <ele>237.7</ele>
      </trkpt>
      <trkpt lat="50.75053" lon="6.00994">
        <ele>237.1</ele>
      </trkpt>
      <trkpt lat="50.75029" lon="6.00985">
        <ele>235.4</ele>
      </trkpt>
      <trkpt lat="50.75026" lon="6.0098">
        <ele>235.2</ele>
      </trkpt>
      <trkpt lat="50.75018" lon="6.00945">
        <ele>233.9</ele>
      </trkpt>
      <trkpt lat="50.75003" lon="6.00889">
        <ele>231.6</ele>
      </trkpt>
      <trkpt lat="50.74972" lon="6.00778">
        <ele>229.7</ele>
      </trkpt>
      <trkpt lat="50.74942" lon="6.00668">
        <ele>226.6</ele>
      </trkpt>
      <trkpt lat="50.74911" lon="6.00558">
        <ele>223.2</ele>
      </trkpt>
      <trkpt lat="50.74882" lon="6.00458">
        <ele>220.8</ele>
      </trkpt>
      <trkpt lat="50.74856" lon="6.00376">
        <ele>220.5</ele>
      </trkpt>
      <trkpt lat="50.74831" lon="6.00293">
        <ele>219.4</ele>
      </trkpt>
      <trkpt lat="50.74823" lon="6.00254">
        <ele>219.5</ele>
      </trkpt>
      <trkpt lat="50.74802" lon="6.00127">
        <ele>218.7</ele>
      </trkpt>
      <trkpt lat="50.74799" lon="6.00092">
        <ele>217.9</ele>
      </trkpt>
      <trkpt lat="50.74842" lon="6.00192">
        <ele>221.5</ele>
      </trkpt>
      <trkpt lat="50.74863" lon="6.00217">
        <ele>223.2</ele>
      </trkpt>
      <trkpt lat="50.7488" lon="6.00226">
        <ele>224.8</ele>
      </trkpt>
      <trkpt lat="50.74886" lon="6.00227">
        <ele>225.3</ele>
      </trkpt>
      <trkpt lat="50.74901" lon="6.00224">
        <ele>226.8</ele>
      </trkpt>
      <trkpt lat="50.74938" lon="6.00205">
        <ele>230.6</ele>
      </trkpt>
      <trkpt lat="50.74945" lon="6.00204">
        <ele>231.3</ele>
      </trkpt>
      <trkpt lat="50.75004" lon="6.00217">
        <ele>236.8</ele>
      </trkpt>
      <trkpt lat="50.75022" lon="6.00203">
        <ele>238.5</ele>
      </trkpt>
      <trkpt lat="50.75032" lon="6.00185">
        <ele>239.6</ele>
      </trkpt>
      <trkpt lat="50.75038" lon="6.00157">
        <ele>240.0</ele>
      </trkpt>
      <trkpt lat="50.75045" lon="6.00083">
        <ele>239.3</ele>
      </trkpt>
      <trkpt lat="50.75048" lon="6.00068">
        <ele>239.5</ele>
      </trkpt>
      <trkpt lat="50.75056" lon="6.00052">
        <ele>240.3</ele>
      </trkpt>
      <trkpt lat="50.75056" lon="6.00052">
        <ele>240.3</ele>
      </trkpt>
      <trkpt lat="50.75064" lon="6.00041">
        <ele>241.0</ele>
      </trkpt>
      <trkpt lat="50.75081" lon="6.00028">
        <ele>242.8</ele>
      </trkpt>
      <trkpt lat="50.75097" lon="6.00023">
        <ele>244.9</ele>
      </trkpt>
      <trkpt lat="50.75132" lon="6.00017">
        <ele>249.9</ele>
      </trkpt>
      <trkpt lat="50.75166" lon="6.00015">
        <ele>254.7</ele>
      </trkpt>
      <trkpt lat="50.75233" lon="6.0002">
        <ele>264.1</ele>
      </trkpt>
      <trkpt lat="50.75249" lon="6.00026">
        <ele>266.2</ele>
      </trkpt>
      <trkpt lat="50.75262" lon="6.00037">
        <ele>268.2</ele>
      </trkpt>
      <trkpt lat="50.75276" lon="6.00059">
        <ele>269.7</ele>
      </trkpt>
      <trkpt lat="50.75303" lon="6.00109">
        <ele>271.0</ele>
      </trkpt>
      <trkpt lat="50.75313" lon="6.00121">
        <ele>271.5</ele>
      </trkpt>
      <trkpt lat="50.75325" lon="6.00124">
        <ele>272.6</ele>
      </trkpt>
      <trkpt lat="50.75331" lon="6.00123">
        <ele>273.4</ele>
      </trkpt>
      <trkpt lat="50.75331" lon="6.00123">
        <ele>273.4</ele>
      </trkpt>
      <trkpt lat="50.75352" lon="6.00119">
        <ele>275.2</ele>
      </trkpt>
      <trkpt lat="50.75368" lon="6.00122">
        <ele>276.0</ele>
      </trkpt>
      <trkpt lat="50.7544" lon="6.00167">
        <ele>274.4</ele>
      </trkpt>
      <trkpt lat="50.75463" lon="6.00171">
        <ele>273.1</ele>
      </trkpt>
      <trkpt lat="50.75528" lon="6.00175">
        <ele>266.1</ele>
      </trkpt>
      <trkpt lat="50.7555" lon="6.00179">
        <ele>262.5</ele>
      </trkpt>
      <trkpt lat="50.75576" lon="6.0019">
        <ele>258.2</ele>
      </trkpt>
      <trkpt lat="50.75599" lon="6.00212">
        <ele>255.4</ele>
      </trkpt>
      <trkpt lat="50.75638" lon="6.00266">
        <ele>251.8</ele>
      </trkpt>
      <trkpt lat="50.75677" lon="6.00319">
        <ele>249.1</ele>
      </trkpt>
      <trkpt lat="50.75693" lon="6.0034">
        <ele>248.8</ele>
      </trkpt>
      <trkpt lat="50.75711" lon="6.00357">
        <ele>247.5</ele>
      </trkpt>
      <trkpt lat="50.75739" lon="6.00378">
        <ele>245.4</ele>
      </trkpt>
      <trkpt lat="50.75754" lon="6.00386">
        <ele>244.1</ele>
      </trkpt>
      <trkpt lat="50.75784" lon="6.00394">
        <ele>240.6</ele>
      </trkpt>
      <trkpt lat="50.75784" lon="6.00394">
        <ele>240.6</ele>
      </trkpt>
      <trkpt lat="50.75838" lon="6.00406">
        <ele>234.8</ele>
      </trkpt>
      <trkpt lat="50.75858" lon="6.00415">
        <ele>232.7</ele>
      </trkpt>
      <trkpt lat="50.75872" lon="6.00427">
        <ele>231.3</ele>
      </trkpt>
      <trkpt lat="50.7588" lon="6.00411">
        <ele>230.5</ele>
      </trkpt>
      <trkpt lat="50.75888" lon="6.00407">
        <ele>229.8</ele>
      </trkpt>
      <trkpt lat="50.75953" lon="6.00398">
        <ele>226.1</ele>
      </trkpt>
      <trkpt lat="50.75968" lon="6.00392">
        <ele>225.8</ele>
      </trkpt>
      <trkpt lat="50.76032" lon="6.00315">
        <ele>225.2</ele>
      </trkpt>
      <trkpt lat="50.76071" lon="6.00282">
        <ele>224.9</ele>
      </trkpt>
      <trkpt lat="50.7608" lon="6.00273">
        <ele>225.0</ele>
      </trkpt>
      <trkpt lat="50.76092" lon="6.00255">
        <ele>224.8</ele>
      </trkpt>
      <trkpt lat="50.7611" lon="6.0022">
        <ele>224.6</ele>
      </trkpt>
      <trkpt lat="50.76118" lon="6.00206">
        <ele>224.6</ele>
      </trkpt>
      <trkpt lat="50.76142" lon="6.00169">
        <ele>225.0</ele>
      </trkpt>
      <trkpt lat="50.76148" lon="6.00163">
        <ele>224.8</ele>
      </trkpt>
      <trkpt lat="50.76217" lon="6.00121">
        <ele>221.8</ele>
      </trkpt>
      <trkpt lat="50.76287" lon="6.0008">
        <ele>220.3</ele>
      </trkpt>
      <trkpt lat="50.76287" lon="6.0008">
        <ele>220.3</ele>
      </trkpt>
      <trkpt lat="50.76335" lon="6.00052">
        <ele>219.0</ele>
      </trkpt>
      <trkpt lat="50.76383" lon="6.00023">
        <ele>216.0</ele>
      </trkpt>
      <trkpt lat="50.76401" lon="6.00016">
        <ele>214.7</ele>
      </trkpt>
      <trkpt lat="50.76411" lon="6.00015">
        <ele>213.9</ele>
      </trkpt>
      <trkpt lat="50.76439" lon="6.00018">
        <ele>212.0</ele>
      </trkpt>
      <trkpt lat="50.76448" lon="6.00014">
        <ele>211.6</ele>
      </trkpt>
      <trkpt lat="50.76495" lon="5.9997">
        <ele>206.7</ele>
      </trkpt>
      <trkpt lat="50.76541" lon="5.99926">
        <ele>202.0</ele>
      </trkpt>
      <trkpt lat="50.76588" lon="5.99864">
        <ele>199.7</ele>
      </trkpt>
      <trkpt lat="50.76625" lon="5.99824">
        <ele>198.4</ele>
      </trkpt>
      <trkpt lat="50.76668" lon="5.99787">
        <ele>196.7</ele>
      </trkpt>
      <trkpt lat="50.76692" lon="5.99772">
        <ele>195.1</ele>
      </trkpt>
      <trkpt lat="50.76714" lon="5.99763">
        <ele>193.9</ele>
      </trkpt>
      <trkpt lat="50.76714" lon="5.99763">
        <ele>193.9</ele>
      </trkpt>
      <trkpt lat="50.76785" lon="5.99733">
        <ele>188.4</ele>
      </trkpt>
      <trkpt lat="50.76813" lon="5.99727">
        <ele>185.7</ele>
      </trkpt>
      <trkpt lat="50.7687" lon="5.99722">
        <ele>182.2</ele>
      </trkpt>
      <trkpt lat="50.76859" lon="5.99633">
        <ele>180.6</ele>
      </trkpt>
      <trkpt lat="50.76849" lon="5.99545">
        <ele>181.1</ele>
      </trkpt>
      <trkpt lat="50.76838" lon="5.99462">
        <ele>182.9</ele>
      </trkpt>
      <trkpt lat="50.76823" lon="5.99401">
        <ele>185.9</ele>
      </trkpt>
      <trkpt lat="50.76823" lon="5.99401">
        <ele>185.9</ele>
      </trkpt>
      <trkpt lat="50.76829" lon="5.99419">
        <ele>185.0</ele>
      </trkpt>
      <trkpt lat="50.76805" lon="5.99335">
        <ele>189.0</ele>
      </trkpt>
      <trkpt lat="50.7679" lon="5.99269">
        <ele>192.6</ele>
      </trkpt>
      <trkpt lat="50.76782" lon="5.99192">
        <ele>195.5</ele>
      </trkpt>
      <trkpt lat="50.7678" lon="5.99135">
        <ele>197.7</ele>
      </trkpt>
      <trkpt lat="50.76781" lon="5.99029">
        <ele>202.1</ele>
      </trkpt>
      <trkpt lat="50.76782" lon="5.98922">
        <ele>204.0</ele>
      </trkpt>
      <trkpt lat="50.76777" lon="5.98868">
        <ele>205.2</ele>
      </trkpt>
      <trkpt lat="50.76771" lon="5.98835">
        <ele>206.2</ele>
      </trkpt>
      <trkpt lat="50.76764" lon="5.98806">
        <ele>208.1</ele>
      </trkpt>
      <trkpt lat="50.76754" lon="5.98778">
        <ele>210.3</ele>
      </trkpt>
      <trkpt lat="50.76732" lon="5.98731">
        <ele>212.7</ele>
      </trkpt>
      <trkpt lat="50.76724" lon="5.98717">
        <ele>213.4</ele>
      </trkpt>
      <trkpt lat="50.76706" lon="5.98694">
        <ele>214.5</ele>
      </trkpt>
      <trkpt lat="50.76686" lon="5.98672">
        <ele>215.7</ele>
      </trkpt>
      <trkpt lat="50.76669" lon="5.98658">
        <ele>216.8</ele>
      </trkpt>
      <trkpt lat="50.76639" lon="5.9864">
        <ele>218.0</ele>
      </trkpt>
      <trkpt lat="50.76612" lon="5.98627">
        <ele>218.5</ele>
      </trkpt>
      <trkpt lat="50.76612" lon="5.98627">
        <ele>218.5</ele>
      </trkpt>
      <trkpt lat="50.7655" lon="5.98597">
        <ele>221.8</ele>
      </trkpt>
      <trkpt lat="50.76489" lon="5.98568">
        <ele>227.1</ele>
      </trkpt>
      <trkpt lat="50.76427" lon="5.98538">
        <ele>227.2</ele>
      </trkpt>
      <trkpt lat="50.76418" lon="5.98529">
        <ele>227.6</ele>
      </trkpt>
      <trkpt lat="50.76413" lon="5.98517">
        <ele>228.5</ele>
      </trkpt>
      <trkpt lat="50.76412" lon="5.98503">
        <ele>229.6</ele>
      </trkpt>
      <trkpt lat="50.76415" lon="5.98491">
        <ele>231.6</ele>
      </trkpt>
      <trkpt lat="50.76418" lon="5.98485">
        <ele>232.8</ele>
      </trkpt>
      <trkpt lat="50.7643" lon="5.98477">
        <ele>234.7</ele>
      </trkpt>
      <trkpt lat="50.7647" lon="5.98475">
        <ele>236.9</ele>
      </trkpt>
      <trkpt lat="50.76494" lon="5.98467">
        <ele>239.3</ele>
      </trkpt>
      <trkpt lat="50.76511" lon="5.98452">
        <ele>241.1</ele>
      </trkpt>
      <trkpt lat="50.76561" lon="5.98399">
        <ele>245.6</ele>
      </trkpt>
      <trkpt lat="50.76577" lon="5.98387">
        <ele>246.2</ele>
      </trkpt>
      <trkpt lat="50.76605" lon="5.98375">
        <ele>247.2</ele>
      </trkpt>
      <trkpt lat="50.7663" lon="5.98373">
        <ele>247.2</ele>
      </trkpt>
      <trkpt lat="50.7668" lon="5.98381">
        <ele>245.1</ele>
      </trkpt>
      <trkpt lat="50.76688" lon="5.98377">
        <ele>245.0</ele>
      </trkpt>
      <trkpt lat="50.76696" lon="5.98368">
        <ele>245.4</ele>
      </trkpt>
      <trkpt lat="50.76699" lon="5.98363">
        <ele>245.7</ele>
      </trkpt>
      <trkpt lat="50.76703" lon="5.98346">
        <ele>247.1</ele>
      </trkpt>
      <trkpt lat="50.76702" lon="5.98328">
        <ele>249.0</ele>
      </trkpt>
      <trkpt lat="50.76686" lon="5.98247">
        <ele>258.7</ele>
      </trkpt>
      <trkpt lat="50.76669" lon="5.98167">
        <ele>267.8</ele>
      </trkpt>
      <trkpt lat="50.76666" lon="5.98156">
        <ele>268.4</ele>
      </trkpt>
      <trkpt lat="50.76666" lon="5.98156">
        <ele>268.4</ele>
      </trkpt>
      <trkpt lat="50.76656" lon="5.98123">
        <ele>270.4</ele>
      </trkpt>
      <trkpt lat="50.76648" lon="5.98102">
        <ele>271.6</ele>
      </trkpt>
      <trkpt lat="50.76622" lon="5.98051">
        <ele>274.2</ele>
      </trkpt>
      <trkpt lat="50.76607" lon="5.98016">
        <ele>275.3</ele>
      </trkpt>
      <trkpt lat="50.76599" lon="5.97985">
        <ele>275.3</ele>
      </trkpt>
      <trkpt lat="50.7658" lon="5.97902">
        <ele>275.3</ele>
      </trkpt>
      <trkpt lat="50.76561" lon="5.97819">
        <ele>277.3</ele>
      </trkpt>
      <trkpt lat="50.76557" lon="5.97776">
        <ele>278.0</ele>
      </trkpt>
      <trkpt lat="50.76559" lon="5.97723">
        <ele>278.0</ele>
      </trkpt>
      <trkpt lat="50.7656" lon="5.97669">
        <ele>278.0</ele>
      </trkpt>
      <trkpt lat="50.76558" lon="5.97637">
        <ele>277.3</ele>
      </trkpt>
      <trkpt lat="50.76553" lon="5.97605">
        <ele>276.8</ele>
      </trkpt>
      <trkpt lat="50.76543" lon="5.97571">
        <ele>276.6</ele>
      </trkpt>
      <trkpt lat="50.76537" lon="5.97558">
        <ele>276.7</ele>
      </trkpt>
      <trkpt lat="50.76521" lon="5.9753">
        <ele>277.2</ele>
      </trkpt>
      <trkpt lat="50.76473" lon="5.97462">
        <ele>280.2</ele>
      </trkpt>
      <trkpt lat="50.76455" lon="5.97429">
        <ele>281.4</ele>
      </trkpt>
      <trkpt lat="50.76446" lon="5.97403">
        <ele>281.7</ele>
      </trkpt>
      <trkpt lat="50.76441" lon="5.97382">
        <ele>281.8</ele>
      </trkpt>
      <trkpt lat="50.76437" lon="5.97356">
        <ele>281.7</ele>
      </trkpt>
      <trkpt lat="50.76436" lon="5.97331">
        <ele>281.3</ele>
      </trkpt>
      <trkpt lat="50.7644" lon="5.97225">
        <ele>282.4</ele>
      </trkpt>
      <trkpt lat="50.76444" lon="5.97119">
        <ele>282.9</ele>
      </trkpt>
      <trkpt lat="50.76449" lon="5.97013">
        <ele>283.4</ele>
      </trkpt>
      <trkpt lat="50.76449" lon="5.97013">
        <ele>283.4</ele>
      </trkpt>
      <trkpt lat="50.76453" lon="5.96903">
        <ele>284.1</ele>
      </trkpt>
      <trkpt lat="50.76458" lon="5.9685">
        <ele>284.3</ele>
      </trkpt>
      <trkpt lat="50.76466" lon="5.96795">
        <ele>284.8</ele>
      </trkpt>
      <trkpt lat="50.76475" lon="5.96743">
        <ele>285.3</ele>
      </trkpt>
      <trkpt lat="50.76499" lon="5.96651">
        <ele>286.4</ele>
      </trkpt>
      <trkpt lat="50.76522" lon="5.96559">
        <ele>287.9</ele>
      </trkpt>
      <trkpt lat="50.76546" lon="5.96467">
        <ele>288.8</ele>
      </trkpt>
      <trkpt lat="50.76562" lon="5.9637">
        <ele>287.8</ele>
      </trkpt>
      <trkpt lat="50.76567" lon="5.96334">
        <ele>287.4</ele>
      </trkpt>
      <trkpt lat="50.76572" lon="5.96272">
        <ele>285.9</ele>
      </trkpt>
      <trkpt lat="50.76587" lon="5.96272">
        <ele>285.5</ele>
      </trkpt>
      <trkpt lat="50.76587" lon="5.96272">
        <ele>285.5</ele>
      </trkpt>
      <trkpt lat="50.7662" lon="5.96264">
        <ele>284.9</ele>
      </trkpt>
      <trkpt lat="50.7663" lon="5.96257">
        <ele>284.6</ele>
      </trkpt>
      <trkpt lat="50.76635" lon="5.96244">
        <ele>284.3</ele>
      </trkpt>
      <trkpt lat="50.76635" lon="5.96244">
        <ele>284.3</ele>
      </trkpt>
      <trkpt lat="50.76635" lon="5.96236">
        <ele>284.2</ele>
      </trkpt>
      <trkpt lat="50.76632" lon="5.9623">
        <ele>284.2</ele>
      </trkpt>
      <trkpt lat="50.76622" lon="5.96216">
        <ele>284.1</ele>
      </trkpt>
      <trkpt lat="50.76607" lon="5.96205">
        <ele>284.2</ele>
      </trkpt>
      <trkpt lat="50.765981" lon="5.962007">
        <ele>284.2</ele>
      </trkpt>
      <trkpt lat="50.76578" lon="5.96191">
        <ele>284.5</ele>
      </trkpt>
      <trkpt lat="50.7658" lon="5.96172">
        <ele>284.2</ele>
      </trkpt>
      <trkpt lat="50.7658" lon="5.96172">
        <ele>284.2</ele>
      </trkpt>
      <trkpt lat="50.76585" lon="5.96132">
        <ele>283.6</ele>
      </trkpt>
      <trkpt lat="50.76597" lon="5.96083">
        <ele>282.7</ele>
      </trkpt>
      <trkpt lat="50.76607" lon="5.96055">
        <ele>282.0</ele>
      </trkpt>
      <trkpt lat="50.76619" lon="5.9603">
        <ele>281.2</ele>
      </trkpt>
      <trkpt lat="50.76645" lon="5.95985">
        <ele>279.6</ele>
      </trkpt>
      <trkpt lat="50.7666" lon="5.9595">
        <ele>278.6</ele>
      </trkpt>
      <trkpt lat="50.76669" lon="5.95921">
        <ele>278.0</ele>
      </trkpt>
      <trkpt lat="50.76676" lon="5.95888">
        <ele>277.7</ele>
      </trkpt>
      <trkpt lat="50.76701" lon="5.95754">
        <ele>276.7</ele>
      </trkpt>
      <trkpt lat="50.76721" lon="5.95621">
        <ele>275.1</ele>
      </trkpt>
      <trkpt lat="50.76735" lon="5.95506">
        <ele>273.8</ele>
      </trkpt>
      <trkpt lat="50.76749" lon="5.95372">
        <ele>267.8</ele>
      </trkpt>
      <trkpt lat="50.76749" lon="5.95346">
        <ele>266.5</ele>
      </trkpt>
      <trkpt lat="50.76747" lon="5.95337">
        <ele>265.9</ele>
      </trkpt>
      <trkpt lat="50.76743" lon="5.9533">
        <ele>265.2</ele>
      </trkpt>
      <trkpt lat="50.76743" lon="5.9533">
        <ele>265.2</ele>
      </trkpt>
      <trkpt lat="50.76734" lon="5.95321">
        <ele>263.8</ele>
      </trkpt>
      <trkpt lat="50.76726" lon="5.95322">
        <ele>263.0</ele>
      </trkpt>
      <trkpt lat="50.76695" lon="5.95343">
        <ele>261.4</ele>
      </trkpt>
      <trkpt lat="50.76673" lon="5.95354">
        <ele>260.3</ele>
      </trkpt>
      <trkpt lat="50.76665" lon="5.95356">
        <ele>259.9</ele>
      </trkpt>
      <trkpt lat="50.76643" lon="5.95359">
        <ele>260.5</ele>
      </trkpt>
      <trkpt lat="50.76614" lon="5.95353">
        <ele>260.4</ele>
      </trkpt>
      <trkpt lat="50.76545" lon="5.95318">
        <ele>254.9</ele>
      </trkpt>
      <trkpt lat="50.76517" lon="5.95308">
        <ele>252.2</ele>
      </trkpt>
      <trkpt lat="50.76498" lon="5.95308">
        <ele>251.5</ele>
      </trkpt>
      <trkpt lat="50.76482" lon="5.95312">
        <ele>249.6</ele>
      </trkpt>
      <trkpt lat="50.76466" lon="5.9532">
        <ele>248.3</ele>
      </trkpt>
      <trkpt lat="50.76448" lon="5.95333">
        <ele>247.0</ele>
      </trkpt>
      <trkpt lat="50.76439" lon="5.95342">
        <ele>246.0</ele>
      </trkpt>
      <trkpt lat="50.76441" lon="5.95341">
        <ele>246.3</ele>
      </trkpt>
      <trkpt lat="50.76441" lon="5.95341">
        <ele>246.3</ele>
      </trkpt>
      <trkpt lat="50.7643" lon="5.95356">
        <ele>245.5</ele>
      </trkpt>
      <trkpt lat="50.76417" lon="5.95389">
        <ele>245.7</ele>
      </trkpt>
      <trkpt lat="50.7641" lon="5.95429">
        <ele>248.0</ele>
      </trkpt>
      <trkpt lat="50.76409" lon="5.95443">
        <ele>249.2</ele>
      </trkpt>
      <trkpt lat="50.7641" lon="5.95479">
        <ele>253.0</ele>
      </trkpt>
      <trkpt lat="50.76409" lon="5.95492">
        <ele>254.1</ele>
      </trkpt>
      <trkpt lat="50.76405" lon="5.955">
        <ele>254.3</ele>
      </trkpt>
      <trkpt lat="50.76399" lon="5.95506">
        <ele>254.2</ele>
      </trkpt>
      <trkpt lat="50.76388" lon="5.95506">
        <ele>252.7</ele>
      </trkpt>
      <trkpt lat="50.76379" lon="5.95494">
        <ele>249.9</ele>
      </trkpt>
      <trkpt lat="50.76375" lon="5.95481">
        <ele>247.8</ele>
      </trkpt>
      <trkpt lat="50.76373" lon="5.95468">
        <ele>246.0</ele>
      </trkpt>
      <trkpt lat="50.76375" lon="5.95363">
        <ele>235.0</ele>
      </trkpt>
      <trkpt lat="50.76376" lon="5.95258">
        <ele>227.2</ele>
      </trkpt>
      <trkpt lat="50.76379" lon="5.9524">
        <ele>226.4</ele>
      </trkpt>
      <trkpt lat="50.76386" lon="5.95229">
        <ele>226.6</ele>
      </trkpt>
      <trkpt lat="50.76398" lon="5.95216">
        <ele>226.9</ele>
      </trkpt>
      <trkpt lat="50.76415" lon="5.95208">
        <ele>227.8</ele>
      </trkpt>
      <trkpt lat="50.76435" lon="5.95207">
        <ele>228.7</ele>
      </trkpt>
      <trkpt lat="50.76449" lon="5.9521">
        <ele>229.8</ele>
      </trkpt>
      <trkpt lat="50.76475" lon="5.95222">
        <ele>233.0</ele>
      </trkpt>
      <trkpt lat="50.76485" lon="5.95224">
        <ele>234.0</ele>
      </trkpt>
      <trkpt lat="50.76499" lon="5.95222">
        <ele>234.6</ele>
      </trkpt>
      <trkpt lat="50.76544" lon="5.95206">
        <ele>231.5</ele>
      </trkpt>
      <trkpt lat="50.76559" lon="5.95206">
        <ele>231.5</ele>
      </trkpt>
      <trkpt lat="50.76564" lon="5.95207">
        <ele>231.7</ele>
      </trkpt>
      <trkpt lat="50.76616" lon="5.95244">
        <ele>242.7</ele>
      </trkpt>
      <trkpt lat="50.76616" lon="5.95244">
        <ele>242.7</ele>
      </trkpt>
      <trkpt lat="50.76616" lon="5.95244">
        <ele>242.7</ele>
      </trkpt>
      <trkpt lat="50.76624" lon="5.95245">
        <ele>243.6</ele>
      </trkpt>
      <trkpt lat="50.76631" lon="5.95242">
        <ele>243.7</ele>
      </trkpt>
      <trkpt lat="50.76638" lon="5.95235">
        <ele>243.3</ele>
      </trkpt>
      <trkpt lat="50.76645" lon="5.95223">
        <ele>242.3</ele>
      </trkpt>
      <trkpt lat="50.7665" lon="5.95205">
        <ele>240.3</ele>
      </trkpt>
      <trkpt lat="50.7666" lon="5.95117">
        <ele>233.7</ele>
      </trkpt>
      <trkpt lat="50.76671" lon="5.95028">
        <ele>231.6</ele>
      </trkpt>
      <trkpt lat="50.76675" lon="5.94995">
        <ele>231.4</ele>
      </trkpt>
      <trkpt lat="50.76675" lon="5.94964">
        <ele>231.6</ele>
      </trkpt>
      <trkpt lat="50.7667" lon="5.94924">
        <ele>230.7</ele>
      </trkpt>
      <trkpt lat="50.76666" lon="5.94908">
        <ele>229.8</ele>
      </trkpt>
      <trkpt lat="50.76644" lon="5.94841">
        <ele>224.3</ele>
      </trkpt>
      <trkpt lat="50.76622" lon="5.94773">
        <ele>215.3</ele>
      </trkpt>
      <trkpt lat="50.76616" lon="5.9475">
        <ele>212.9</ele>
      </trkpt>
      <trkpt lat="50.76616" lon="5.94728">
        <ele>211.9</ele>
      </trkpt>
      <trkpt lat="50.7662" lon="5.94708">
        <ele>211.5</ele>
      </trkpt>
      <trkpt lat="50.76629" lon="5.94693">
        <ele>211.9</ele>
      </trkpt>
      <trkpt lat="50.76636" lon="5.94687">
        <ele>212.4</ele>
      </trkpt>
      <trkpt lat="50.76677" lon="5.94658">
        <ele>215.1</ele>
      </trkpt>
      <trkpt lat="50.76718" lon="5.94629">
        <ele>220.0</ele>
      </trkpt>
      <trkpt lat="50.76724" lon="5.94617">
        <ele>220.6</ele>
      </trkpt>
      <trkpt lat="50.76727" lon="5.94602">
        <ele>220.8</ele>
      </trkpt>
      <trkpt lat="50.76726" lon="5.94588">
        <ele>220.3</ele>
      </trkpt>
      <trkpt lat="50.76723" lon="5.94577">
        <ele>219.7</ele>
      </trkpt>
      <trkpt lat="50.76712" lon="5.9456">
        <ele>217.7</ele>
      </trkpt>
      <trkpt lat="50.76684" lon="5.94527">
        <ele>212.5</ele>
      </trkpt>
      <trkpt lat="50.76675" lon="5.94512">
        <ele>210.7</ele>
      </trkpt>
      <trkpt lat="50.76659" lon="5.94477">
        <ele>206.9</ele>
      </trkpt>
      <trkpt lat="50.76651" lon="5.94443">
        <ele>204.4</ele>
      </trkpt>
      <trkpt lat="50.76649" lon="5.9443">
        <ele>203.6</ele>
      </trkpt>
      <trkpt lat="50.76648" lon="5.94404">
        <ele>202.7</ele>
      </trkpt>
      <trkpt lat="50.76651" lon="5.94374">
        <ele>202.8</ele>
      </trkpt>
      <trkpt lat="50.76658" lon="5.94346">
        <ele>204.0</ele>
      </trkpt>
      <trkpt lat="50.76673" lon="5.94312">
        <ele>206.9</ele>
      </trkpt>
      <trkpt lat="50.76707" lon="5.94268">
        <ele>213.3</ele>
      </trkpt>
      <trkpt lat="50.76707" lon="5.94268">
        <ele>213.3</ele>
      </trkpt>
      <trkpt lat="50.76732" lon="5.94234">
        <ele>216.9</ele>
      </trkpt>
      <trkpt lat="50.76763" lon="5.9418">
        <ele>220.8</ele>
      </trkpt>
      <trkpt lat="50.7677" lon="5.94148">
        <ele>221.9</ele>
      </trkpt>
      <trkpt lat="50.76768" lon="5.94088">
        <ele>221.2</ele>
      </trkpt>
      <trkpt lat="50.76752" lon="5.93972">
        <ele>215.9</ele>
      </trkpt>
      <trkpt lat="50.76729" lon="5.9384">
        <ele>207.1</ele>
      </trkpt>
      <trkpt lat="50.76725" lon="5.93808">
        <ele>203.6</ele>
      </trkpt>
      <trkpt lat="50.76721" lon="5.93755">
        <ele>198.2</ele>
      </trkpt>
      <trkpt lat="50.7672" lon="5.93742">
        <ele>196.9</ele>
      </trkpt>
      <trkpt lat="50.76722" lon="5.93733">
        <ele>196.7</ele>
      </trkpt>
      <trkpt lat="50.76727" lon="5.93722">
        <ele>196.8</ele>
      </trkpt>
      <trkpt lat="50.76777" lon="5.93652">
        <ele>200.0</ele>
      </trkpt>
      <trkpt lat="50.76828" lon="5.93583">
        <ele>200.2</ele>
      </trkpt>
      <trkpt lat="50.76847" lon="5.93553">
        <ele>199.5</ele>
      </trkpt>
      <trkpt lat="50.76901" lon="5.93442">
        <ele>196.4</ele>
      </trkpt>
      <trkpt lat="50.76919" lon="5.93398">
        <ele>194.5</ele>
      </trkpt>
      <trkpt lat="50.76924" lon="5.93375">
        <ele>192.7</ele>
      </trkpt>
      <trkpt lat="50.76927" lon="5.93353">
        <ele>190.7</ele>
      </trkpt>
      <trkpt lat="50.76926" lon="5.93306">
        <ele>186.5</ele>
      </trkpt>
      <trkpt lat="50.76924" lon="5.93264">
        <ele>183.2</ele>
      </trkpt>
      <trkpt lat="50.76926" lon="5.93238">
        <ele>181.4</ele>
      </trkpt>
      <trkpt lat="50.76931" lon="5.9321">
        <ele>179.6</ele>
      </trkpt>
      <trkpt lat="50.76936" lon="5.93197">
        <ele>178.7</ele>
      </trkpt>
      <trkpt lat="50.76944" lon="5.93182">
        <ele>177.5</ele>
      </trkpt>
      <trkpt lat="50.76963" lon="5.93153">
        <ele>175.2</ele>
      </trkpt>
      <trkpt lat="50.76983" lon="5.93116">
        <ele>172.9</ele>
      </trkpt>
      <trkpt lat="50.7699" lon="5.93099">
        <ele>171.9</ele>
      </trkpt>
      <trkpt lat="50.76997" lon="5.93074">
        <ele>170.6</ele>
      </trkpt>
      <trkpt lat="50.77001" lon="5.93049">
        <ele>169.3</ele>
      </trkpt>
      <trkpt lat="50.77003" lon="5.93022">
        <ele>167.9</ele>
      </trkpt>
      <trkpt lat="50.76999" lon="5.92896">
        <ele>162.0</ele>
      </trkpt>
      <trkpt lat="50.76994" lon="5.92769">
        <ele>154.1</ele>
      </trkpt>
      <trkpt lat="50.7699" lon="5.92643">
        <ele>146.2</ele>
      </trkpt>
      <trkpt lat="50.7699" lon="5.92624">
        <ele>145.1</ele>
      </trkpt>
      <trkpt lat="50.76994" lon="5.92605">
        <ele>144.1</ele>
      </trkpt>
      <trkpt lat="50.77002" lon="5.92591">
        <ele>143.4</ele>
      </trkpt>
      <trkpt lat="50.77007" lon="5.92587">
        <ele>142.9</ele>
      </trkpt>
      <trkpt lat="50.77017" lon="5.92585">
        <ele>142.3</ele>
      </trkpt>
      <trkpt lat="50.7708" lon="5.92605">
        <ele>140.5</ele>
      </trkpt>
      <trkpt lat="50.7708" lon="5.92605">
        <ele>140.5</ele>
      </trkpt>
      <trkpt lat="50.7709" lon="5.92608">
        <ele>139.8</ele>
      </trkpt>
      <trkpt lat="50.77116" lon="5.92611">
        <ele>137.5</ele>
      </trkpt>
      <trkpt lat="50.77135" lon="5.92607">
        <ele>135.5</ele>
      </trkpt>
      <trkpt lat="50.77157" lon="5.92599">
        <ele>132.9</ele>
      </trkpt>
      <trkpt lat="50.77177" lon="5.92586">
        <ele>131.3</ele>
      </trkpt>
      <trkpt lat="50.77197" lon="5.92566">
        <ele>130.4</ele>
      </trkpt>
      <trkpt lat="50.77214" lon="5.92542">
        <ele>129.0</ele>
      </trkpt>
      <trkpt lat="50.77218" lon="5.92547">
        <ele>129.3</ele>
      </trkpt>
      <trkpt lat="50.77222" lon="5.9255">
        <ele>129.5</ele>
      </trkpt>
      <trkpt lat="50.77253" lon="5.92556">
        <ele>129.9</ele>
      </trkpt>
      <trkpt lat="50.77295" lon="5.92574">
        <ele>130.2</ele>
      </trkpt>
      <trkpt lat="50.77349" lon="5.92594">
        <ele>130.3</ele>
      </trkpt>
      <trkpt lat="50.77404" lon="5.92614">
        <ele>129.6</ele>
      </trkpt>
      <trkpt lat="50.77404" lon="5.92614">
        <ele>129.6</ele>
      </trkpt>
      <trkpt lat="50.77438" lon="5.92631">
        <ele>129.0</ele>
      </trkpt>
      <trkpt lat="50.77449" lon="5.92635">
        <ele>128.5</ele>
      </trkpt>
      <trkpt lat="50.77507" lon="5.92641">
        <ele>125.5</ele>
      </trkpt>
      <trkpt lat="50.77519" lon="5.92651">
        <ele>126.8</ele>
      </trkpt>
      <trkpt lat="50.77526" lon="5.92663">
        <ele>128.0</ele>
      </trkpt>
      <trkpt lat="50.77534" lon="5.92684">
        <ele>129.9</ele>
      </trkpt>
      <trkpt lat="50.77537" lon="5.92704">
        <ele>131.5</ele>
      </trkpt>
      <trkpt lat="50.77541" lon="5.92745">
        <ele>134.6</ele>
      </trkpt>
      <trkpt lat="50.77544" lon="5.92758">
        <ele>135.7</ele>
      </trkpt>
      <trkpt lat="50.7755" lon="5.92764">
        <ele>136.2</ele>
      </trkpt>
      <trkpt lat="50.77553" lon="5.92765">
        <ele>136.4</ele>
      </trkpt>
      <trkpt lat="50.77561" lon="5.92762">
        <ele>136.3</ele>
      </trkpt>
      <trkpt lat="50.77577" lon="5.92744">
        <ele>135.5</ele>
      </trkpt>
      <trkpt lat="50.77597" lon="5.92732">
        <ele>136.4</ele>
      </trkpt>
      <trkpt lat="50.77614" lon="5.92727">
        <ele>137.8</ele>
      </trkpt>
      <trkpt lat="50.77647" lon="5.92727">
        <ele>141.3</ele>
      </trkpt>
      <trkpt lat="50.77683" lon="5.92719">
        <ele>143.6</ele>
      </trkpt>
      <trkpt lat="50.77721" lon="5.92718">
        <ele>145.3</ele>
      </trkpt>
      <trkpt lat="50.77797" lon="5.92719">
        <ele>147.2</ele>
      </trkpt>
      <trkpt lat="50.77849" lon="5.92733">
        <ele>147.2</ele>
      </trkpt>
      <trkpt lat="50.77868" lon="5.92736">
        <ele>146.1</ele>
      </trkpt>
      <trkpt lat="50.77881" lon="5.92733">
        <ele>145.1</ele>
      </trkpt>
      <trkpt lat="50.77932" lon="5.92713">
        <ele>141.0</ele>
      </trkpt>
      <trkpt lat="50.77932" lon="5.92713">
        <ele>141.0</ele>
      </trkpt>
      <trkpt lat="50.7798" lon="5.92706">
        <ele>139.7</ele>
      </trkpt>
      <trkpt lat="50.78026" lon="5.92695">
        <ele>137.6</ele>
      </trkpt>
      <trkpt lat="50.78089" lon="5.92691">
        <ele>134.5</ele>
      </trkpt>
      <trkpt lat="50.78137" lon="5.92691">
        <ele>131.5</ele>
      </trkpt>
      <trkpt lat="50.78198" lon="5.9268">
        <ele>127.4</ele>
      </trkpt>
      <trkpt lat="50.78227" lon="5.92672">
        <ele>125.5</ele>
      </trkpt>
      <trkpt lat="50.78238" lon="5.92674">
        <ele>124.9</ele>
      </trkpt>
      <trkpt lat="50.78246" lon="5.92683">
        <ele>124.6</ele>
      </trkpt>
      <trkpt lat="50.78257" lon="5.92701">
        <ele>125.0</ele>
      </trkpt>
      <trkpt lat="50.78272" lon="5.92742">
        <ele>126.5</ele>
      </trkpt>
      <trkpt lat="50.78277" lon="5.92752">
        <ele>127.0</ele>
      </trkpt>
      <trkpt lat="50.78304" lon="5.92784">
        <ele>129.3</ele>
      </trkpt>
      <trkpt lat="50.7832" lon="5.92812">
        <ele>131.3</ele>
      </trkpt>
      <trkpt lat="50.78327" lon="5.92821">
        <ele>132.1</ele>
      </trkpt>
      <trkpt lat="50.78319" lon="5.92849">
        <ele>132.5</ele>
      </trkpt>
      <trkpt lat="50.7831" lon="5.92899">
        <ele>133.2</ele>
      </trkpt>
      <trkpt lat="50.78306" lon="5.92929">
        <ele>133.8</ele>
      </trkpt>
      <trkpt lat="50.78326" lon="5.92948">
        <ele>135.7</ele>
      </trkpt>
      <trkpt lat="50.78374" lon="5.93038">
        <ele>139.9</ele>
      </trkpt>
      <trkpt lat="50.78407" lon="5.93095">
        <ele>142.4</ele>
      </trkpt>
      <trkpt lat="50.7844" lon="5.93151">
        <ele>145.2</ele>
      </trkpt>
      <trkpt lat="50.78458" lon="5.93192">
        <ele>147.2</ele>
      </trkpt>
      <trkpt lat="50.78474" lon="5.93243">
        <ele>149.3</ele>
      </trkpt>
      <trkpt lat="50.78485" lon="5.93282">
        <ele>150.7</ele>
      </trkpt>
      <trkpt lat="50.78514" lon="5.93359">
        <ele>152.8</ele>
      </trkpt>
      <trkpt lat="50.78542" lon="5.93436">
        <ele>154.9</ele>
      </trkpt>
      <trkpt lat="50.78565" lon="5.93509">
        <ele>156.0</ele>
      </trkpt>
      <trkpt lat="50.7859" lon="5.93577">
        <ele>155.3</ele>
      </trkpt>
      <trkpt lat="50.786" lon="5.93609">
        <ele>155.4</ele>
      </trkpt>
      <trkpt lat="50.78604" lon="5.93638">
        <ele>156.1</ele>
      </trkpt>
      <trkpt lat="50.78606" lon="5.93663">
        <ele>156.8</ele>
      </trkpt>
      <trkpt lat="50.78608" lon="5.9372">
        <ele>157.8</ele>
      </trkpt>
      <trkpt lat="50.78607" lon="5.9377">
        <ele>159.0</ele>
      </trkpt>
      <trkpt lat="50.7861" lon="5.93801">
        <ele>160.0</ele>
      </trkpt>
      <trkpt lat="50.78616" lon="5.93831">
        <ele>160.9</ele>
      </trkpt>
      <trkpt lat="50.78654" lon="5.9395">
        <ele>161.8</ele>
      </trkpt>
      <trkpt lat="50.78671" lon="5.93933">
        <ele>161.1</ele>
      </trkpt>
      <trkpt lat="50.78681" lon="5.93918">
        <ele>160.8</ele>
      </trkpt>
      <trkpt lat="50.78708" lon="5.93868">
        <ele>160.2</ele>
      </trkpt>
      <trkpt lat="50.78717" lon="5.93849">
        <ele>159.9</ele>
      </trkpt>
      <trkpt lat="50.78719" lon="5.93833">
        <ele>159.7</ele>
      </trkpt>
      <trkpt lat="50.7872" lon="5.93798">
        <ele>158.3</ele>
      </trkpt>
      <trkpt lat="50.78723" lon="5.9377">
        <ele>157.1</ele>
      </trkpt>
      <trkpt lat="50.7873" lon="5.93742">
        <ele>156.0</ele>
      </trkpt>
      <trkpt lat="50.78748" lon="5.93684">
        <ele>153.6</ele>
      </trkpt>
      <trkpt lat="50.78752" lon="5.93677">
        <ele>153.3</ele>
      </trkpt>
      <trkpt lat="50.78758" lon="5.93671">
        <ele>152.9</ele>
      </trkpt>
      <trkpt lat="50.78773" lon="5.93666">
        <ele>152.1</ele>
      </trkpt>
      <trkpt lat="50.78784" lon="5.93666">
        <ele>151.7</ele>
      </trkpt>
      <trkpt lat="50.78784" lon="5.93666">
        <ele>151.7</ele>
      </trkpt>
      <trkpt lat="50.78819" lon="5.93672">
        <ele>150.7</ele>
      </trkpt>
      <trkpt lat="50.78833" lon="5.93669">
        <ele>150.1</ele>
      </trkpt>
      <trkpt lat="50.78848" lon="5.93655">
        <ele>149.1</ele>
      </trkpt>
      <trkpt lat="50.78864" lon="5.93626">
        <ele>147.5</ele>
      </trkpt>
      <trkpt lat="50.78874" lon="5.93598">
        <ele>146.1</ele>
      </trkpt>
      <trkpt lat="50.78879" lon="5.93551">
        <ele>144.5</ele>
      </trkpt>
      <trkpt lat="50.7888" lon="5.93513">
        <ele>143.4</ele>
      </trkpt>
      <trkpt lat="50.78878" lon="5.93447">
        <ele>140.8</ele>
      </trkpt>
      <trkpt lat="50.78879" lon="5.93432">
        <ele>140.1</ele>
      </trkpt>
      <trkpt lat="50.78881" lon="5.93425">
        <ele>139.8</ele>
      </trkpt>
      <trkpt lat="50.78889" lon="5.93413">
        <ele>139.2</ele>
      </trkpt>
      <trkpt lat="50.78959" lon="5.93347">
        <ele>135.5</ele>
      </trkpt>
      <trkpt lat="50.78959" lon="5.93347">
        <ele>135.5</ele>
      </trkpt>
      <trkpt lat="50.78979" lon="5.93329">
        <ele>134.3</ele>
      </trkpt>
      <trkpt lat="50.78986" lon="5.93306">
        <ele>133.3</ele>
      </trkpt>
      <trkpt lat="50.78989" lon="5.93287">
        <ele>132.5</ele>
      </trkpt>
      <trkpt lat="50.78989" lon="5.93264">
        <ele>131.7</ele>
      </trkpt>
      <trkpt lat="50.78985" lon="5.9323">
        <ele>130.6</ele>
      </trkpt>
      <trkpt lat="50.78975" lon="5.93202">
        <ele>129.8</ele>
      </trkpt>
      <trkpt lat="50.7896" lon="5.93169">
        <ele>128.6</ele>
      </trkpt>
      <trkpt lat="50.78956" lon="5.93153">
        <ele>128.1</ele>
      </trkpt>
      <trkpt lat="50.78957" lon="5.93123">
        <ele>127.2</ele>
      </trkpt>
      <trkpt lat="50.78966" lon="5.93067">
        <ele>125.9</ele>
      </trkpt>
      <trkpt lat="50.78967" lon="5.9304">
        <ele>125.5</ele>
      </trkpt>
      <trkpt lat="50.78954" lon="5.92922">
        <ele>122.1</ele>
      </trkpt>
      <trkpt lat="50.78958" lon="5.92848">
        <ele>119.9</ele>
      </trkpt>
      <trkpt lat="50.78957" lon="5.92835">
        <ele>119.5</ele>
      </trkpt>
      <trkpt lat="50.78928" lon="5.92849">
        <ele>119.5</ele>
      </trkpt>
      <trkpt lat="50.78856" lon="5.92879">
        <ele>119.4</ele>
      </trkpt>
      <trkpt lat="50.7882" lon="5.92898">
        <ele>119.8</ele>
      </trkpt>
      <trkpt lat="50.78785" lon="5.92908">
        <ele>120.9</ele>
      </trkpt>
      <trkpt lat="50.78745" lon="5.92908">
        <ele>121.9</ele>
      </trkpt>
      <trkpt lat="50.78745" lon="5.92908">
        <ele>121.9</ele>
      </trkpt>
      <trkpt lat="50.78693" lon="5.92903">
        <ele>124.2</ele>
      </trkpt>
      <trkpt lat="50.78641" lon="5.92898">
        <ele>126.6</ele>
      </trkpt>
      <trkpt lat="50.78628" lon="5.92903">
        <ele>127.4</ele>
      </trkpt>
      <trkpt lat="50.78608" lon="5.92928">
        <ele>129.4</ele>
      </trkpt>
      <trkpt lat="50.78602" lon="5.92931">
        <ele>129.8</ele>
      </trkpt>
      <trkpt lat="50.78592" lon="5.92932">
        <ele>130.3</ele>
      </trkpt>
      <trkpt lat="50.78572" lon="5.92925">
        <ele>130.8</ele>
      </trkpt>
      <trkpt lat="50.78522" lon="5.92888">
        <ele>131.2</ele>
      </trkpt>
      <trkpt lat="50.78504" lon="5.9288">
        <ele>131.5</ele>
      </trkpt>
      <trkpt lat="50.7848" lon="5.92878">
        <ele>132.3</ele>
      </trkpt>
      <trkpt lat="50.78422" lon="5.92882">
        <ele>134.6</ele>
      </trkpt>
      <trkpt lat="50.78407" lon="5.92877">
        <ele>134.5</ele>
      </trkpt>
      <trkpt lat="50.78401" lon="5.92748">
        <ele>128.9</ele>
      </trkpt>
      <trkpt lat="50.78396" lon="5.92619">
        <ele>123.1</ele>
      </trkpt>
      <trkpt lat="50.78397" lon="5.92603">
        <ele>122.5</ele>
      </trkpt>
      <trkpt lat="50.78407" lon="5.92581">
        <ele>121.8</ele>
      </trkpt>
      <trkpt lat="50.78407" lon="5.92581">
        <ele>121.8</ele>
      </trkpt>
      <trkpt lat="50.78449" lon="5.9249">
        <ele>117.3</ele>
      </trkpt>
      <trkpt lat="50.78492" lon="5.924">
        <ele>114.1</ele>
      </trkpt>
      <trkpt lat="50.78514" lon="5.92348">
        <ele>112.6</ele>
      </trkpt>
      <trkpt lat="50.78535" lon="5.92287">
        <ele>110.3</ele>
      </trkpt>
      <trkpt lat="50.78556" lon="5.92208">
        <ele>108.0</ele>
      </trkpt>
      <trkpt lat="50.78571" lon="5.92155">
        <ele>107.1</ele>
      </trkpt>
      <trkpt lat="50.78592" lon="5.92105">
        <ele>106.7</ele>
      </trkpt>
      <trkpt lat="50.78603" lon="5.92061">
        <ele>106.3</ele>
      </trkpt>
      <trkpt lat="50.78623" lon="5.92003">
        <ele>106.0</ele>
      </trkpt>
      <trkpt lat="50.78625" lon="5.91994">
        <ele>106.0</ele>
      </trkpt>
      <trkpt lat="50.78626" lon="5.91981">
        <ele>105.9</ele>
      </trkpt>
      <trkpt lat="50.78629" lon="5.91932">
        <ele>105.8</ele>
      </trkpt>
      <trkpt lat="50.78633" lon="5.91823">
        <ele>106.1</ele>
      </trkpt>
      <trkpt lat="50.78716" lon="5.91856">
        <ele>104.8</ele>
      </trkpt>
      <trkpt lat="50.78729" lon="5.91853">
        <ele>104.8</ele>
      </trkpt>
      <trkpt lat="50.78805" lon="5.91863">
        <ele>105.3</ele>
      </trkpt>
      <trkpt lat="50.78857" lon="5.91866">
        <ele>105.8</ele>
      </trkpt>
      <trkpt lat="50.78857" lon="5.91866">
        <ele>105.8</ele>
      </trkpt>
      <trkpt lat="50.7887" lon="5.91867">
        <ele>105.9</ele>
      </trkpt>
      <trkpt lat="50.7887" lon="5.9186">
        <ele>106.0</ele>
      </trkpt>
      <trkpt lat="50.78879" lon="5.91738">
        <ele>110.0</ele>
      </trkpt>
      <trkpt lat="50.78885" lon="5.917">
        <ele>111.4</ele>
      </trkpt>
      <trkpt lat="50.78886" lon="5.9168">
        <ele>112.2</ele>
      </trkpt>
      <trkpt lat="50.78882" lon="5.91644">
        <ele>113.3</ele>
      </trkpt>
      <trkpt lat="50.78882" lon="5.91644">
        <ele>113.3</ele>
      </trkpt>
      <trkpt lat="50.7887" lon="5.91576">
        <ele>115.9</ele>
      </trkpt>
      <trkpt lat="50.7886" lon="5.91548">
        <ele>117.3</ele>
      </trkpt>
      <trkpt lat="50.78826" lon="5.9148">
        <ele>121.9</ele>
      </trkpt>
      <trkpt lat="50.78815" lon="5.91451">
        <ele>123.2</ele>
      </trkpt>
      <trkpt lat="50.78803" lon="5.91384">
        <ele>126.3</ele>
      </trkpt>
      <trkpt lat="50.78796" lon="5.9136">
        <ele>127.6</ele>
      </trkpt>
      <trkpt lat="50.78785" lon="5.91339">
        <ele>129.2</ele>
      </trkpt>
      <trkpt lat="50.78755" lon="5.91297">
        <ele>132.4</ele>
      </trkpt>
      <trkpt lat="50.78739" lon="5.91271">
        <ele>133.2</ele>
      </trkpt>
      <trkpt lat="50.78724" lon="5.91237">
        <ele>134.2</ele>
      </trkpt>
      <trkpt lat="50.78713" lon="5.912">
        <ele>135.8</ele>
      </trkpt>
      <trkpt lat="50.78701" lon="5.91147">
        <ele>137.9</ele>
      </trkpt>
      <trkpt lat="50.78701" lon="5.91147">
        <ele>137.9</ele>
      </trkpt>
      <trkpt lat="50.78687" lon="5.91091">
        <ele>139.4</ele>
      </trkpt>
      <trkpt lat="50.78657" lon="5.91014">
        <ele>142.5</ele>
      </trkpt>
      <trkpt lat="50.78627" lon="5.90937">
        <ele>144.0</ele>
      </trkpt>
      <trkpt lat="50.78619" lon="5.9091">
        <ele>144.9</ele>
      </trkpt>
      <trkpt lat="50.78601" lon="5.90812">
        <ele>148.1</ele>
      </trkpt>
      <trkpt lat="50.78583" lon="5.90714">
        <ele>151.9</ele>
      </trkpt>
      <trkpt lat="50.78559" lon="5.90618">
        <ele>155.2</ele>
      </trkpt>
      <trkpt lat="50.7855" lon="5.90594">
        <ele>156.2</ele>
      </trkpt>
      <trkpt lat="50.78537" lon="5.90567">
        <ele>157.6</ele>
      </trkpt>
      <trkpt lat="50.78488" lon="5.90491">
        <ele>162.2</ele>
      </trkpt>
      <trkpt lat="50.78451" lon="5.90422">
        <ele>163.0</ele>
      </trkpt>
      <trkpt lat="50.78413" lon="5.90353">
        <ele>165.3</ele>
      </trkpt>
      <trkpt lat="50.78386" lon="5.9031">
        <ele>167.8</ele>
      </trkpt>
      <trkpt lat="50.78359" lon="5.9028">
        <ele>170.0</ele>
      </trkpt>
      <trkpt lat="50.78312" lon="5.90238">
        <ele>173.6</ele>
      </trkpt>
      <trkpt lat="50.78291" lon="5.9021">
        <ele>175.8</ele>
      </trkpt>
      <trkpt lat="50.78278" lon="5.90185">
        <ele>177.5</ele>
      </trkpt>
      <trkpt lat="50.78265" lon="5.90152">
        <ele>179.8</ele>
      </trkpt>
      <trkpt lat="50.78235" lon="5.90055">
        <ele>184.5</ele>
      </trkpt>
      <trkpt lat="50.78222" lon="5.90027">
        <ele>185.9</ele>
      </trkpt>
      <trkpt lat="50.78201" lon="5.89997">
        <ele>188.0</ele>
      </trkpt>
      <trkpt lat="50.78176" lon="5.89965">
        <ele>189.9</ele>
      </trkpt>
      <trkpt lat="50.78164" lon="5.89947">
        <ele>190.6</ele>
      </trkpt>
      <trkpt lat="50.78154" lon="5.89918">
        <ele>190.8</ele>
      </trkpt>
      <trkpt lat="50.78149" lon="5.89893">
        <ele>190.8</ele>
      </trkpt>
      <trkpt lat="50.78139" lon="5.89777">
        <ele>191.7</ele>
      </trkpt>
      <trkpt lat="50.78132" lon="5.89736">
        <ele>192.0</ele>
      </trkpt>
      <trkpt lat="50.78121" lon="5.89709">
        <ele>192.0</ele>
      </trkpt>
      <trkpt lat="50.78108" lon="5.89689">
        <ele>192.0</ele>
      </trkpt>
      <trkpt lat="50.78108" lon="5.89689">
        <ele>192.0</ele>
      </trkpt>
      <trkpt lat="50.7807" lon="5.89627">
        <ele>191.3</ele>
      </trkpt>
      <trkpt lat="50.78032" lon="5.89566">
        <ele>191.9</ele>
      </trkpt>
      <trkpt lat="50.78002" lon="5.89529">
        <ele>193.2</ele>
      </trkpt>
      <trkpt lat="50.77962" lon="5.8949">
        <ele>194.6</ele>
      </trkpt>
      <trkpt lat="50.77946" lon="5.89467">
        <ele>195.5</ele>
      </trkpt>
      <trkpt lat="50.77919" lon="5.89408">
        <ele>199.2</ele>
      </trkpt>
      <trkpt lat="50.77892" lon="5.89349">
        <ele>203.7</ele>
      </trkpt>
      <trkpt lat="50.77872" lon="5.8931">
        <ele>207.1</ele>
      </trkpt>
      <trkpt lat="50.77857" lon="5.89287">
        <ele>209.4</ele>
      </trkpt>
      <trkpt lat="50.77805" lon="5.8922">
        <ele>214.4</ele>
      </trkpt>
      <trkpt lat="50.77795" lon="5.89205">
        <ele>214.9</ele>
      </trkpt>
      <trkpt lat="50.77777" lon="5.89171">
        <ele>215.5</ele>
      </trkpt>
      <trkpt lat="50.77764" lon="5.89136">
        <ele>216.3</ele>
      </trkpt>
      <trkpt lat="50.7774" lon="5.89045">
        <ele>218.9</ele>
      </trkpt>
      <trkpt lat="50.77732" lon="5.89023">
        <ele>219.4</ele>
      </trkpt>
      <trkpt lat="50.7772" lon="5.89002">
        <ele>219.9</ele>
      </trkpt>
      <trkpt lat="50.77706" lon="5.88986">
        <ele>220.5</ele>
      </trkpt>
      <trkpt lat="50.7764" lon="5.88917">
        <ele>224.0</ele>
      </trkpt>
      <trkpt lat="50.77573" lon="5.88848">
        <ele>226.8</ele>
      </trkpt>
      <trkpt lat="50.77507" lon="5.88779">
        <ele>225.5</ele>
      </trkpt>
      <trkpt lat="50.7744" lon="5.8871">
        <ele>223.4</ele>
      </trkpt>
      <trkpt lat="50.77374" lon="5.88641">
        <ele>222.0</ele>
      </trkpt>
      <trkpt lat="50.77307" lon="5.88572">
        <ele>222.1</ele>
      </trkpt>
      <trkpt lat="50.77287" lon="5.88552">
        <ele>221.3</ele>
      </trkpt>
      <trkpt lat="50.77269" lon="5.88546">
        <ele>220.4</ele>
      </trkpt>
      <trkpt lat="50.77277" lon="5.88485">
        <ele>220.1</ele>
      </trkpt>
      <trkpt lat="50.77277" lon="5.88485">
        <ele>220.1</ele>
      </trkpt>
      <trkpt lat="50.773" lon="5.88379">
        <ele>217.6</ele>
      </trkpt>
      <trkpt lat="50.77306" lon="5.88341">
        <ele>216.6</ele>
      </trkpt>
      <trkpt lat="50.77306" lon="5.88316">
        <ele>216.5</ele>
      </trkpt>
      <trkpt lat="50.77303" lon="5.88293">
        <ele>216.6</ele>
      </trkpt>
      <trkpt lat="50.77299" lon="5.88272">
        <ele>216.8</ele>
      </trkpt>
      <trkpt lat="50.77272" lon="5.88164">
        <ele>218.5</ele>
      </trkpt>
      <trkpt lat="50.77245" lon="5.88057">
        <ele>219.1</ele>
      </trkpt>
      <trkpt lat="50.77242" lon="5.88036">
        <ele>219.2</ele>
      </trkpt>
      <trkpt lat="50.77242" lon="5.88021">
        <ele>219.2</ele>
      </trkpt>
      <trkpt lat="50.77244" lon="5.88011">
        <ele>219.1</ele>
      </trkpt>
      <trkpt lat="50.77234" lon="5.88005">
        <ele>219.4</ele>
      </trkpt>
      <trkpt lat="50.77225" lon="5.88005">
        <ele>219.6</ele>
      </trkpt>
      <trkpt lat="50.77214" lon="5.88008">
        <ele>219.8</ele>
      </trkpt>
      <trkpt lat="50.7714" lon="5.88056">
        <ele>220.3</ele>
      </trkpt>
      <trkpt lat="50.7714" lon="5.88056">
        <ele>220.3</ele>
      </trkpt>
      <trkpt lat="50.77062" lon="5.88105">
        <ele>220.1</ele>
      </trkpt>
      <trkpt lat="50.76985" lon="5.88155">
        <ele>221.5</ele>
      </trkpt>
      <trkpt lat="50.76907" lon="5.88205">
        <ele>224.2</ele>
      </trkpt>
      <trkpt lat="50.7683" lon="5.88255">
        <ele>226.0</ele>
      </trkpt>
      <trkpt lat="50.76752" lon="5.88305">
        <ele>227.3</ele>
      </trkpt>
      <trkpt lat="50.76674" lon="5.88355">
        <ele>229.5</ele>
      </trkpt>
      <trkpt lat="50.76597" lon="5.88404">
        <ele>230.0</ele>
      </trkpt>
      <trkpt lat="50.76519" lon="5.88454">
        <ele>231.1</ele>
      </trkpt>
      <trkpt lat="50.76498" lon="5.88464">
        <ele>231.4</ele>
      </trkpt>
      <trkpt lat="50.76432" lon="5.8849">
        <ele>231.1</ele>
      </trkpt>
      <trkpt lat="50.76366" lon="5.88515">
        <ele>232.6</ele>
      </trkpt>
      <trkpt lat="50.76354" lon="5.88522">
        <ele>232.9</ele>
      </trkpt>
      <trkpt lat="50.7633" lon="5.88539">
        <ele>233.0</ele>
      </trkpt>
      <trkpt lat="50.76325" lon="5.88539">
        <ele>233.0</ele>
      </trkpt>
      <trkpt lat="50.76316" lon="5.88535">
        <ele>233.0</ele>
      </trkpt>
      <trkpt lat="50.76275" lon="5.88474">
        <ele>233.2</ele>
      </trkpt>
      <trkpt lat="50.76234" lon="5.88413">
        <ele>231.8</ele>
      </trkpt>
      <trkpt lat="50.76229" lon="5.88409">
        <ele>231.4</ele>
      </trkpt>
      <trkpt lat="50.76222" lon="5.88409">
        <ele>230.9</ele>
      </trkpt>
      <trkpt lat="50.76217" lon="5.88417">
        <ele>230.6</ele>
      </trkpt>
      <trkpt lat="50.76217" lon="5.88423">
        <ele>230.7</ele>
      </trkpt>
      <trkpt lat="50.76226" lon="5.88513">
        <ele>232.1</ele>
      </trkpt>
      <trkpt lat="50.7622" lon="5.88526">
        <ele>231.9</ele>
      </trkpt>
      <trkpt lat="50.76213" lon="5.88529">
        <ele>231.8</ele>
      </trkpt>
      <trkpt lat="50.76209" lon="5.88529">
        <ele>231.7</ele>
      </trkpt>
      <trkpt lat="50.76204" lon="5.88524">
        <ele>231.5</ele>
      </trkpt>
      <trkpt lat="50.76185" lon="5.88485">
        <ele>230.2</ele>
      </trkpt>
      <trkpt lat="50.76175" lon="5.8847">
        <ele>229.3</ele>
      </trkpt>
      <trkpt lat="50.76164" lon="5.88459">
        <ele>228.4</ele>
      </trkpt>
      <trkpt lat="50.76088" lon="5.88425">
        <ele>222.1</ele>
      </trkpt>
      <trkpt lat="50.76071" lon="5.88414">
        <ele>220.3</ele>
      </trkpt>
      <trkpt lat="50.76011" lon="5.88363">
        <ele>210.4</ele>
      </trkpt>
      <trkpt lat="50.75995" lon="5.88354">
        <ele>208.2</ele>
      </trkpt>
      <trkpt lat="50.75976" lon="5.88347">
        <ele>207.2</ele>
      </trkpt>
      <trkpt lat="50.75976" lon="5.88347">
        <ele>207.2</ele>
      </trkpt>
      <trkpt lat="50.75928" lon="5.88329">
        <ele>204.5</ele>
      </trkpt>
      <trkpt lat="50.75919" lon="5.88318">
        <ele>203.3</ele>
      </trkpt>
      <trkpt lat="50.75915" lon="5.88308">
        <ele>202.4</ele>
      </trkpt>
      <trkpt lat="50.75913" lon="5.88295">
        <ele>201.2</ele>
      </trkpt>
      <trkpt lat="50.75913" lon="5.88274">
        <ele>199.0</ele>
      </trkpt>
      <trkpt lat="50.75921" lon="5.88189">
        <ele>189.5</ele>
      </trkpt>
      <trkpt lat="50.75923" lon="5.88141">
        <ele>185.9</ele>
      </trkpt>
      <trkpt lat="50.7592" lon="5.8811">
        <ele>184.4</ele>
      </trkpt>
      <trkpt lat="50.75903" lon="5.8804">
        <ele>181.7</ele>
      </trkpt>
      <trkpt lat="50.7587" lon="5.87923">
        <ele>176.3</ele>
      </trkpt>
      <trkpt lat="50.75836" lon="5.87806">
        <ele>170.8</ele>
      </trkpt>
      <trkpt lat="50.75833" lon="5.87794">
        <ele>170.1</ele>
      </trkpt>
      <trkpt lat="50.75828" lon="5.87786">
        <ele>169.2</ele>
      </trkpt>
      <trkpt lat="50.75818" lon="5.87781">
        <ele>167.9</ele>
      </trkpt>
      <trkpt lat="50.75807" lon="5.87787">
        <ele>167.0</ele>
      </trkpt>
      <trkpt lat="50.75767" lon="5.87831">
        <ele>166.2</ele>
      </trkpt>
      <trkpt lat="50.75727" lon="5.87876">
        <ele>166.6</ele>
      </trkpt>
      <trkpt lat="50.75701" lon="5.87903">
        <ele>167.8</ele>
      </trkpt>
      <trkpt lat="50.75689" lon="5.87907">
        <ele>167.7</ele>
      </trkpt>
      <trkpt lat="50.75683" lon="5.87906">
        <ele>167.3</ele>
      </trkpt>
      <trkpt lat="50.75663" lon="5.87892">
        <ele>164.6</ele>
      </trkpt>
      <trkpt lat="50.756" lon="5.87838">
        <ele>155.9</ele>
      </trkpt>
      <trkpt lat="50.75537" lon="5.87785">
        <ele>156.2</ele>
      </trkpt>
      <trkpt lat="50.75496" lon="5.87757">
        <ele>157.8</ele>
      </trkpt>
      <trkpt lat="50.7543" lon="5.87739">
        <ele>160.9</ele>
      </trkpt>
      <trkpt lat="50.75364" lon="5.87721">
        <ele>163.7</ele>
      </trkpt>
      <trkpt lat="50.75364" lon="5.87721">
        <ele>163.7</ele>
      </trkpt>
      <trkpt lat="50.75298" lon="5.87702">
        <ele>168.1</ele>
      </trkpt>
      <trkpt lat="50.75232" lon="5.87683">
        <ele>173.2</ele>
      </trkpt>
      <trkpt lat="50.75225" lon="5.87676">
        <ele>173.6</ele>
      </trkpt>
      <trkpt lat="50.75187" lon="5.87599">
        <ele>177.7</ele>
      </trkpt>
      <trkpt lat="50.75183" lon="5.87595">
        <ele>178.0</ele>
      </trkpt>
      <trkpt lat="50.75175" lon="5.87593">
        <ele>178.4</ele>
      </trkpt>
      <trkpt lat="50.75173" lon="5.8758">
        <ele>178.9</ele>
      </trkpt>
      <trkpt lat="50.75169" lon="5.87568">
        <ele>179.3</ele>
      </trkpt>
      <trkpt lat="50.75136" lon="5.8751">
        <ele>180.7</ele>
      </trkpt>
      <trkpt lat="50.75133" lon="5.87499">
        <ele>181.0</ele>
      </trkpt>
      <trkpt lat="50.75132" lon="5.87487">
        <ele>181.4</ele>
      </trkpt>
      <trkpt lat="50.75134" lon="5.87469">
        <ele>182.0</ele>
      </trkpt>
      <trkpt lat="50.75138" lon="5.87458">
        <ele>182.4</ele>
      </trkpt>
      <trkpt lat="50.75151" lon="5.87435">
        <ele>182.9</ele>
      </trkpt>
      <trkpt lat="50.75157" lon="5.87428">
        <ele>182.9</ele>
      </trkpt>
      <trkpt lat="50.75187" lon="5.87413">
        <ele>181.8</ele>
      </trkpt>
      <trkpt lat="50.75196" lon="5.87407">
        <ele>181.3</ele>
      </trkpt>
      <trkpt lat="50.75217" lon="5.87387">
        <ele>180.1</ele>
      </trkpt>
      <trkpt lat="50.75228" lon="5.87374">
        <ele>179.5</ele>
      </trkpt>
      <trkpt lat="50.75274" lon="5.87305">
        <ele>176.8</ele>
      </trkpt>
      <trkpt lat="50.7532" lon="5.87236">
        <ele>176.4</ele>
      </trkpt>
      <trkpt lat="50.75332" lon="5.87222">
        <ele>176.7</ele>
      </trkpt>
      <trkpt lat="50.75332" lon="5.87222">
        <ele>176.7</ele>
      </trkpt>
      <trkpt lat="50.75375" lon="5.87171">
        <ele>179.4</ele>
      </trkpt>
      <trkpt lat="50.75419" lon="5.8712">
        <ele>181.4</ele>
      </trkpt>
      <trkpt lat="50.75372" lon="5.87052">
        <ele>183.5</ele>
      </trkpt>
      <trkpt lat="50.75325" lon="5.86984">
        <ele>186.8</ele>
      </trkpt>
      <trkpt lat="50.75307" lon="5.86947">
        <ele>186.9</ele>
      </trkpt>
      <trkpt lat="50.75264" lon="5.86845">
        <ele>190.2</ele>
      </trkpt>
      <trkpt lat="50.7522" lon="5.86744">
        <ele>192.9</ele>
      </trkpt>
      <trkpt lat="50.75177" lon="5.86642">
        <ele>198.5</ele>
      </trkpt>
      <trkpt lat="50.75133" lon="5.86541">
        <ele>202.3</ele>
      </trkpt>
      <trkpt lat="50.75123" lon="5.86513">
        <ele>203.5</ele>
      </trkpt>
      <trkpt lat="50.75087" lon="5.8639">
        <ele>207.5</ele>
      </trkpt>
      <trkpt lat="50.75051" lon="5.86267">
        <ele>211.4</ele>
      </trkpt>
      <trkpt lat="50.75015" lon="5.86144">
        <ele>218.7</ele>
      </trkpt>
      <trkpt lat="50.74979" lon="5.86021">
        <ele>223.9</ele>
      </trkpt>
      <trkpt lat="50.74943" lon="5.85897">
        <ele>229.3</ele>
      </trkpt>
      <trkpt lat="50.74908" lon="5.85774">
        <ele>234.5</ele>
      </trkpt>
      <trkpt lat="50.74872" lon="5.85651">
        <ele>238.0</ele>
      </trkpt>
      <trkpt lat="50.74836" lon="5.85528">
        <ele>242.3</ele>
      </trkpt>
      <trkpt lat="50.74876" lon="5.85502">
        <ele>241.9</ele>
      </trkpt>
      <trkpt lat="50.74918" lon="5.85464">
        <ele>241.8</ele>
      </trkpt>
      <trkpt lat="50.7496" lon="5.85427">
        <ele>240.6</ele>
      </trkpt>
      <trkpt lat="50.74999" lon="5.85385">
        <ele>240.2</ele>
      </trkpt>
      <trkpt lat="50.74999" lon="5.85385">
        <ele>240.2</ele>
      </trkpt>
      <trkpt lat="50.75015" lon="5.85362">
        <ele>240.1</ele>
      </trkpt>
      <trkpt lat="50.75032" lon="5.85334">
        <ele>240.1</ele>
      </trkpt>
      <trkpt lat="50.75072" lon="5.85258">
        <ele>240.0</ele>
      </trkpt>
      <trkpt lat="50.75112" lon="5.85182">
        <ele>240.6</ele>
      </trkpt>
      <trkpt lat="50.75152" lon="5.85106">
        <ele>239.3</ele>
      </trkpt>
      <trkpt lat="50.75171" lon="5.85073">
        <ele>238.9</ele>
      </trkpt>
      <trkpt lat="50.7522" lon="5.85002">
        <ele>237.7</ele>
      </trkpt>
      <trkpt lat="50.75268" lon="5.8493">
        <ele>236.5</ele>
      </trkpt>
      <trkpt lat="50.75285" lon="5.84917">
        <ele>236.2</ele>
      </trkpt>
      <trkpt lat="50.753" lon="5.84909">
        <ele>235.9</ele>
      </trkpt>
      <trkpt lat="50.75296" lon="5.84893">
        <ele>236.1</ele>
      </trkpt>
      <trkpt lat="50.75271" lon="5.84829">
        <ele>236.7</ele>
      </trkpt>
      <trkpt lat="50.75246" lon="5.84765">
        <ele>237.0</ele>
      </trkpt>
      <trkpt lat="50.75246" lon="5.84765">
        <ele>237.0</ele>
      </trkpt>
      <trkpt lat="50.75216" lon="5.84688">
        <ele>237.4</ele>
      </trkpt>
      <trkpt lat="50.75186" lon="5.84611">
        <ele>236.1</ele>
      </trkpt>
      <trkpt lat="50.75204" lon="5.84597">
        <ele>235.8</ele>
      </trkpt>
      <trkpt lat="50.75213" lon="5.84588">
        <ele>235.7</ele>
      </trkpt>
      <trkpt lat="50.75223" lon="5.8457">
        <ele>235.6</ele>
      </trkpt>
      <trkpt lat="50.75281" lon="5.84491">
        <ele>235.2</ele>
      </trkpt>
      <trkpt lat="50.75339" lon="5.84411">
        <ele>234.7</ele>
      </trkpt>
      <trkpt lat="50.75376" lon="5.84346">
        <ele>233.0</ele>
      </trkpt>
      <trkpt lat="50.75412" lon="5.84281">
        <ele>231.8</ele>
      </trkpt>
      <trkpt lat="50.75465" lon="5.84179">
        <ele>231.8</ele>
      </trkpt>
      <trkpt lat="50.75465" lon="5.84179">
        <ele>231.8</ele>
      </trkpt>
      <trkpt lat="50.75489" lon="5.84132">
        <ele>230.9</ele>
      </trkpt>
      <trkpt lat="50.75517" lon="5.84068">
        <ele>229.6</ele>
      </trkpt>
      <trkpt lat="50.75542" lon="5.83993">
        <ele>229.0</ele>
      </trkpt>
      <trkpt lat="50.75568" lon="5.83918">
        <ele>228.4</ele>
      </trkpt>
      <trkpt lat="50.75596" lon="5.83848">
        <ele>227.8</ele>
      </trkpt>
      <trkpt lat="50.75644" lon="5.8375">
        <ele>227.3</ele>
      </trkpt>
      <trkpt lat="50.75693" lon="5.83652">
        <ele>226.6</ele>
      </trkpt>
      <trkpt lat="50.75742" lon="5.83554">
        <ele>225.2</ele>
      </trkpt>
      <trkpt lat="50.75745" lon="5.83542">
        <ele>225.1</ele>
      </trkpt>
      <trkpt lat="50.75761" lon="5.83419">
        <ele>222.9</ele>
      </trkpt>
      <trkpt lat="50.75776" lon="5.83296">
        <ele>219.6</ele>
      </trkpt>
      <trkpt lat="50.7578" lon="5.83278">
        <ele>218.5</ele>
      </trkpt>
      <trkpt lat="50.75823" lon="5.83192">
        <ele>218.3</ele>
      </trkpt>
      <trkpt lat="50.75843" lon="5.83128">
        <ele>218.2</ele>
      </trkpt>
      <trkpt lat="50.7585" lon="5.83113">
        <ele>218.0</ele>
      </trkpt>
      <trkpt lat="50.75863" lon="5.83092">
        <ele>217.9</ele>
      </trkpt>
      <trkpt lat="50.75854" lon="5.83076">
        <ele>217.4</ele>
      </trkpt>
      <trkpt lat="50.75858" lon="5.82999">
        <ele>216.6</ele>
      </trkpt>
      <trkpt lat="50.7587" lon="5.82881">
        <ele>215.3</ele>
      </trkpt>
      <trkpt lat="50.75882" lon="5.82763">
        <ele>213.8</ele>
      </trkpt>
      <trkpt lat="50.75894" lon="5.82645">
        <ele>212.4</ele>
      </trkpt>
      <trkpt lat="50.75902" lon="5.82635">
        <ele>212.3</ele>
      </trkpt>
      <trkpt lat="50.75936" lon="5.82587">
        <ele>210.9</ele>
      </trkpt>
      <trkpt lat="50.75969" lon="5.82539">
        <ele>209.6</ele>
      </trkpt>
      <trkpt lat="50.75995" lon="5.82499">
        <ele>209.0</ele>
      </trkpt>
      <trkpt lat="50.76007" lon="5.82475">
        <ele>208.4</ele>
      </trkpt>
      <trkpt lat="50.76007" lon="5.82475">
        <ele>208.4</ele>
      </trkpt>
      <trkpt lat="50.76019" lon="5.82452">
        <ele>207.7</ele>
      </trkpt>
      <trkpt lat="50.76039" lon="5.82399">
        <ele>206.4</ele>
      </trkpt>
      <trkpt lat="50.76062" lon="5.82345">
        <ele>204.9</ele>
      </trkpt>
      <trkpt lat="50.76098" lon="5.8228">
        <ele>202.8</ele>
      </trkpt>
      <trkpt lat="50.76132" lon="5.82221">
        <ele>201.2</ele>
      </trkpt>
      <trkpt lat="50.76137" lon="5.82217">
        <ele>201.1</ele>
      </trkpt>
      <trkpt lat="50.76146" lon="5.82214">
        <ele>200.7</ele>
      </trkpt>
      <trkpt lat="50.76178" lon="5.82214">
        <ele>199.6</ele>
      </trkpt>
      <trkpt lat="50.76204" lon="5.82223">
        <ele>198.7</ele>
      </trkpt>
      <trkpt lat="50.76229" lon="5.82243">
        <ele>197.8</ele>
      </trkpt>
      <trkpt lat="50.76264" lon="5.82284">
        <ele>196.1</ele>
      </trkpt>
      <trkpt lat="50.76278" lon="5.82297">
        <ele>195.7</ele>
      </trkpt>
      <trkpt lat="50.76297" lon="5.82307">
        <ele>195.2</ele>
      </trkpt>
      <trkpt lat="50.76348" lon="5.82318">
        <ele>194.2</ele>
      </trkpt>
      <trkpt lat="50.76399" lon="5.82328">
        <ele>193.2</ele>
      </trkpt>
      <trkpt lat="50.7641" lon="5.82328">
        <ele>193.0</ele>
      </trkpt>
      <trkpt lat="50.76423" lon="5.82325">
        <ele>192.4</ele>
      </trkpt>
      <trkpt lat="50.76448" lon="5.82216">
        <ele>188.0</ele>
      </trkpt>
      <trkpt lat="50.76448" lon="5.82216">
        <ele>188.0</ele>
      </trkpt>
      <trkpt lat="50.76464" lon="5.82145">
        <ele>185.4</ele>
      </trkpt>
      <trkpt lat="50.76472" lon="5.8207">
        <ele>181.8</ele>
      </trkpt>
      <trkpt lat="50.76476" lon="5.82056">
        <ele>181.2</ele>
      </trkpt>
      <trkpt lat="50.76485" lon="5.82038">
        <ele>180.5</ele>
      </trkpt>
      <trkpt lat="50.76494" lon="5.82029">
        <ele>180.1</ele>
      </trkpt>
      <trkpt lat="50.76531" lon="5.8201">
        <ele>179.7</ele>
      </trkpt>
      <trkpt lat="50.76586" lon="5.81987">
        <ele>179.4</ele>
      </trkpt>
      <trkpt lat="50.76599" lon="5.81975">
        <ele>178.6</ele>
      </trkpt>
      <trkpt lat="50.76615" lon="5.8195">
        <ele>177.3</ele>
      </trkpt>
      <trkpt lat="50.76629" lon="5.81939">
        <ele>176.6</ele>
      </trkpt>
      <trkpt lat="50.76662" lon="5.81932">
        <ele>175.5</ele>
      </trkpt>
      <trkpt lat="50.76681" lon="5.81921">
        <ele>174.8</ele>
      </trkpt>
      <trkpt lat="50.76691" lon="5.81909">
        <ele>174.3</ele>
      </trkpt>
      <trkpt lat="50.76727" lon="5.81847">
        <ele>172.5</ele>
      </trkpt>
      <trkpt lat="50.76727" lon="5.81847">
        <ele>172.5</ele>
      </trkpt>
      <trkpt lat="50.76783" lon="5.81748">
        <ele>169.6</ele>
      </trkpt>
      <trkpt lat="50.76803" lon="5.81677">
        <ele>167.9</ele>
      </trkpt>
      <trkpt lat="50.76831" lon="5.81592">
        <ele>163.4</ele>
      </trkpt>
      <trkpt lat="50.76852" lon="5.81489">
        <ele>158.4</ele>
      </trkpt>
      <trkpt lat="50.76858" lon="5.81469">
        <ele>156.9</ele>
      </trkpt>
      <trkpt lat="50.76867" lon="5.81448">
        <ele>155.4</ele>
      </trkpt>
      <trkpt lat="50.76886" lon="5.81412">
        <ele>153.2</ele>
      </trkpt>
      <trkpt lat="50.76902" lon="5.81389">
        <ele>152.1</ele>
      </trkpt>
      <trkpt lat="50.76953" lon="5.81327">
        <ele>148.9</ele>
      </trkpt>
      <trkpt lat="50.76959" lon="5.8132">
        <ele>148.6</ele>
      </trkpt>
      <trkpt lat="50.76922" lon="5.81217">
        <ele>147.0</ele>
      </trkpt>
      <trkpt lat="50.7692" lon="5.81211">
        <ele>146.9</ele>
      </trkpt>
      <trkpt lat="50.76917" lon="5.81199">
        <ele>146.8</ele>
      </trkpt>
      <trkpt lat="50.76917" lon="5.81199">
        <ele>146.8</ele>
      </trkpt>
      <trkpt lat="50.76889" lon="5.81083">
        <ele>145.7</ele>
      </trkpt>
      <trkpt lat="50.76861" lon="5.80968">
        <ele>144.3</ele>
      </trkpt>
      <trkpt lat="50.76863" lon="5.80953">
        <ele>143.8</ele>
      </trkpt>
      <trkpt lat="50.76868" lon="5.80942">
        <ele>143.4</ele>
      </trkpt>
      <trkpt lat="50.76884" lon="5.80921">
        <ele>142.5</ele>
      </trkpt>
      <trkpt lat="50.76932" lon="5.80868">
        <ele>140.7</ele>
      </trkpt>
      <trkpt lat="50.7694" lon="5.80865">
        <ele>140.3</ele>
      </trkpt>
      <trkpt lat="50.76964" lon="5.80882">
        <ele>139.3</ele>
      </trkpt>
      <trkpt lat="50.76986" lon="5.8088">
        <ele>138.2</ele>
      </trkpt>
      <trkpt lat="50.77021" lon="5.80872">
        <ele>136.5</ele>
      </trkpt>
      <trkpt lat="50.77055" lon="5.80859">
        <ele>134.7</ele>
      </trkpt>
      <trkpt lat="50.77055" lon="5.80859">
        <ele>134.7</ele>
      </trkpt>
      <trkpt lat="50.77086" lon="5.80848">
        <ele>133.4</ele>
      </trkpt>
      <trkpt lat="50.77093" lon="5.80841">
        <ele>133.8</ele>
      </trkpt>
      <trkpt lat="50.77098" lon="5.80831">
        <ele>134.1</ele>
      </trkpt>
      <trkpt lat="50.77104" lon="5.8081">
        <ele>134.8</ele>
      </trkpt>
      <trkpt lat="50.77107" lon="5.80744">
        <ele>136.0</ele>
      </trkpt>
      <trkpt lat="50.77116" lon="5.80704">
        <ele>137.0</ele>
      </trkpt>
      <trkpt lat="50.77134" lon="5.80641">
        <ele>139.4</ele>
      </trkpt>
      <trkpt lat="50.77145" lon="5.80612">
        <ele>141.4</ele>
      </trkpt>
      <trkpt lat="50.7715" lon="5.80603">
        <ele>142.2</ele>
      </trkpt>
      <trkpt lat="50.77166" lon="5.8058">
        <ele>145.0</ele>
      </trkpt>
      <trkpt lat="50.77193" lon="5.80548">
        <ele>150.1</ele>
      </trkpt>
      <trkpt lat="50.772" lon="5.80537">
        <ele>151.4</ele>
      </trkpt>
      <trkpt lat="50.77203" lon="5.80529">
        <ele>152.1</ele>
      </trkpt>
      <trkpt lat="50.77205" lon="5.80514">
        <ele>152.7</ele>
      </trkpt>
      <trkpt lat="50.77204" lon="5.80496">
        <ele>153.1</ele>
      </trkpt>
      <trkpt lat="50.77179" lon="5.80424">
        <ele>153.4</ele>
      </trkpt>
      <trkpt lat="50.77177" lon="5.80399">
        <ele>154.4</ele>
      </trkpt>
      <trkpt lat="50.7718" lon="5.80385">
        <ele>155.5</ele>
      </trkpt>
      <trkpt lat="50.77185" lon="5.80369">
        <ele>157.1</ele>
      </trkpt>
      <trkpt lat="50.77191" lon="5.80361">
        <ele>158.4</ele>
      </trkpt>
      <trkpt lat="50.77207" lon="5.80346">
        <ele>161.6</ele>
      </trkpt>
      <trkpt lat="50.77262" lon="5.80312">
        <ele>170.2</ele>
      </trkpt>
      <trkpt lat="50.77298" lon="5.80286">
        <ele>172.4</ele>
      </trkpt>
      <trkpt lat="50.7734" lon="5.80248">
        <ele>174.0</ele>
      </trkpt>
      <trkpt lat="50.7734" lon="5.80248">
        <ele>174.0</ele>
      </trkpt>
      <trkpt lat="50.77329" lon="5.80259">
        <ele>173.8</ele>
      </trkpt>
      <trkpt lat="50.77367" lon="5.80221">
        <ele>173.9</ele>
      </trkpt>
      <trkpt lat="50.77405" lon="5.80183">
        <ele>173.3</ele>
      </trkpt>
      <trkpt lat="50.77456" lon="5.80125">
        <ele>170.4</ele>
      </trkpt>
      <trkpt lat="50.77491" lon="5.80081">
        <ele>167.5</ele>
      </trkpt>
      <trkpt lat="50.77535" lon="5.80021">
        <ele>165.5</ele>
      </trkpt>
      <trkpt lat="50.77548" lon="5.79998">
        <ele>164.8</ele>
      </trkpt>
      <trkpt lat="50.77558" lon="5.79974">
        <ele>163.8</ele>
      </trkpt>
      <trkpt lat="50.77569" lon="5.7993">
        <ele>162.0</ele>
      </trkpt>
      <trkpt lat="50.77584" lon="5.79817">
        <ele>157.6</ele>
      </trkpt>
      <trkpt lat="50.77594" lon="5.79755">
        <ele>156.5</ele>
      </trkpt>
      <trkpt lat="50.77607" lon="5.79717">
        <ele>156.1</ele>
      </trkpt>
      <trkpt lat="50.77657" lon="5.79631">
        <ele>153.9</ele>
      </trkpt>
      <trkpt lat="50.77686" lon="5.79559">
        <ele>151.9</ele>
      </trkpt>
      <trkpt lat="50.77716" lon="5.79508">
        <ele>150.6</ele>
      </trkpt>
      <trkpt lat="50.77731" lon="5.79474">
        <ele>149.1</ele>
      </trkpt>
      <trkpt lat="50.77736" lon="5.79455">
        <ele>148.1</ele>
      </trkpt>
      <trkpt lat="50.77748" lon="5.79394">
        <ele>144.7</ele>
      </trkpt>
      <trkpt lat="50.77755" lon="5.79373">
        <ele>143.4</ele>
      </trkpt>
      <trkpt lat="50.77769" lon="5.79353">
        <ele>142.2</ele>
      </trkpt>
      <trkpt lat="50.77804" lon="5.79321">
        <ele>140.9</ele>
      </trkpt>
      <trkpt lat="50.77813" lon="5.79307">
        <ele>140.8</ele>
      </trkpt>
      <trkpt lat="50.77859" lon="5.79212">
        <ele>143.3</ele>
      </trkpt>
      <trkpt lat="50.77881" lon="5.79173">
        <ele>146.0</ele>
      </trkpt>
      <trkpt lat="50.7789" lon="5.79161">
        <ele>147.3</ele>
      </trkpt>
      <trkpt lat="50.7791" lon="5.79149">
        <ele>149.9</ele>
      </trkpt>
      <trkpt lat="50.77928" lon="5.79143">
        <ele>152.3</ele>
      </trkpt>
      <trkpt lat="50.77935" lon="5.79145">
        <ele>153.1</ele>
      </trkpt>
      <trkpt lat="50.77944" lon="5.79151">
        <ele>154.0</ele>
      </trkpt>
      <trkpt lat="50.7795" lon="5.7916">
        <ele>154.6</ele>
      </trkpt>
      <trkpt lat="50.77968" lon="5.792">
        <ele>155.6</ele>
      </trkpt>
      <trkpt lat="50.77976" lon="5.79208">
        <ele>156.3</ele>
      </trkpt>
      <trkpt lat="50.77984" lon="5.79214">
        <ele>157.2</ele>
      </trkpt>
      <trkpt lat="50.77999" lon="5.79217">
        <ele>159.1</ele>
      </trkpt>
      <trkpt lat="50.78037" lon="5.79207">
        <ele>163.7</ele>
      </trkpt>
      <trkpt lat="50.78072" lon="5.79202">
        <ele>167.7</ele>
      </trkpt>
      <trkpt lat="50.78084" lon="5.79188">
        <ele>169.0</ele>
      </trkpt>
      <trkpt lat="50.7817" lon="5.79147">
        <ele>171.9</ele>
      </trkpt>
      <trkpt lat="50.78187" lon="5.79136">
        <ele>171.3</ele>
      </trkpt>
      <trkpt lat="50.78222" lon="5.79104">
        <ele>169.7</ele>
      </trkpt>
      <trkpt lat="50.78244" lon="5.79089">
        <ele>168.4</ele>
      </trkpt>
      <trkpt lat="50.78256" lon="5.79085">
        <ele>167.8</ele>
      </trkpt>
      <trkpt lat="50.78272" lon="5.79085">
        <ele>167.0</ele>
      </trkpt>
      <trkpt lat="50.78291" lon="5.79092">
        <ele>166.3</ele>
      </trkpt>
      <trkpt lat="50.78296" lon="5.79057">
        <ele>165.2</ele>
      </trkpt>
      <trkpt lat="50.78295" lon="5.79047">
        <ele>165.0</ele>
      </trkpt>
      <trkpt lat="50.78289" lon="5.7901">
        <ele>164.4</ele>
      </trkpt>
      <trkpt lat="50.78289" lon="5.7901">
        <ele>164.4</ele>
      </trkpt>
      <trkpt lat="50.78265" lon="5.78879">
        <ele>166.3</ele>
      </trkpt>
      <trkpt lat="50.78259" lon="5.78817">
        <ele>167.5</ele>
      </trkpt>
      <trkpt lat="50.78257" lon="5.78745">
        <ele>168.6</ele>
      </trkpt>
      <trkpt lat="50.78256" lon="5.78664">
        <ele>169.5</ele>
      </trkpt>
      <trkpt lat="50.78256" lon="5.78583">
        <ele>168.6</ele>
      </trkpt>
      <trkpt lat="50.78251" lon="5.78494">
        <ele>167.8</ele>
      </trkpt>
      <trkpt lat="50.78246" lon="5.78404">
        <ele>165.8</ele>
      </trkpt>
      <trkpt lat="50.78246" lon="5.78372">
        <ele>165.5</ele>
      </trkpt>
      <trkpt lat="50.78249" lon="5.78318">
        <ele>163.9</ele>
      </trkpt>
      <trkpt lat="50.78261" lon="5.78243">
        <ele>157.7</ele>
      </trkpt>
      <trkpt lat="50.78281" lon="5.78158">
        <ele>150.8</ele>
      </trkpt>
      <trkpt lat="50.78301" lon="5.78074">
        <ele>144.5</ele>
      </trkpt>
      <trkpt lat="50.7831" lon="5.78041">
        <ele>142.6</ele>
      </trkpt>
      <trkpt lat="50.78343" lon="5.77959">
        <ele>138.5</ele>
      </trkpt>
      <trkpt lat="50.78376" lon="5.77876">
        <ele>135.2</ele>
      </trkpt>
      <trkpt lat="50.78411" lon="5.77757">
        <ele>133.2</ele>
      </trkpt>
      <trkpt lat="50.78411" lon="5.77757">
        <ele>133.2</ele>
      </trkpt>
      <trkpt lat="50.7844" lon="5.77655">
        <ele>132.4</ele>
      </trkpt>
      <trkpt lat="50.7847" lon="5.77552">
        <ele>131.7</ele>
      </trkpt>
      <trkpt lat="50.78481" lon="5.77524">
        <ele>131.5</ele>
      </trkpt>
      <trkpt lat="50.78489" lon="5.77515">
        <ele>131.3</ele>
      </trkpt>
      <trkpt lat="50.785" lon="5.77511">
        <ele>131.0</ele>
      </trkpt>
      <trkpt lat="50.78566" lon="5.77513">
        <ele>131.0</ele>
      </trkpt>
      <trkpt lat="50.78579" lon="5.77511">
        <ele>131.0</ele>
      </trkpt>
      <trkpt lat="50.78588" lon="5.77505">
        <ele>130.8</ele>
      </trkpt>
      <trkpt lat="50.78624" lon="5.77462">
        <ele>128.8</ele>
      </trkpt>
      <trkpt lat="50.7863" lon="5.77449">
        <ele>128.4</ele>
      </trkpt>
      <trkpt lat="50.78631" lon="5.7744">
        <ele>128.3</ele>
      </trkpt>
      <trkpt lat="50.7863" lon="5.77429">
        <ele>128.1</ele>
      </trkpt>
      <trkpt lat="50.78612" lon="5.77309">
        <ele>126.4</ele>
      </trkpt>
      <trkpt lat="50.78593" lon="5.77188">
        <ele>125.1</ele>
      </trkpt>
      <trkpt lat="50.78593" lon="5.77188">
        <ele>125.1</ele>
      </trkpt>
      <trkpt lat="50.78578" lon="5.77089">
        <ele>124.3</ele>
      </trkpt>
      <trkpt lat="50.78563" lon="5.76991">
        <ele>125.0</ele>
      </trkpt>
      <trkpt lat="50.78553" lon="5.76897">
        <ele>125.8</ele>
      </trkpt>
      <trkpt lat="50.78543" lon="5.76803">
        <ele>125.4</ele>
      </trkpt>
      <trkpt lat="50.78525" lon="5.7673">
        <ele>124.6</ele>
      </trkpt>
      <trkpt lat="50.78506" lon="5.76657">
        <ele>125.0</ele>
      </trkpt>
      <trkpt lat="50.78501" lon="5.76632">
        <ele>125.8</ele>
      </trkpt>
      <trkpt lat="50.78494" lon="5.76522">
        <ele>127.9</ele>
      </trkpt>
      <trkpt lat="50.78487" lon="5.76412">
        <ele>128.2</ele>
      </trkpt>
    </trkseg>
  </trk>
</gpx>
